method	seed	step	zvf	reward_mean	heldout_acc	collapse
aero	0	0	0.0	0.008	0.0034	0
aero	0	1	0.0	0.0335	0.0141	0
aero	0	2	0.0125	0.0224	0.0168	0
aero	0	3	0.0557	0.017	0.0328	0
aero	0	4	0.0068	0.1087	0.0397	0
aero	0	5	0.0	0.0241	0.0527	0
aero	0	6	0.0	0.0713	0.0587	0
aero	0	7	0.0	0.1317	0.0653	0
aero	0	8	0.0267	0.1038	0.0772	0
aero	0	9	0.0	0.0901	0.0917	0
aero	0	10	0.0673	0.1635	0.0934	0
aero	0	11	0.0	0.0933	0.1069	0
aero	0	12	0.0	0.1514	0.1146	0
aero	0	13	0.0	0.1898	0.1173	0
aero	0	14	0.0	0.1466	0.1327	0
aero	0	15	0.0	0.1592	0.1388	0
aero	0	16	0.023	0.2102	0.1503	0
aero	0	17	0.0	0.1841	0.159	0
aero	0	18	0.0335	0.1945	0.1616	0
aero	0	19	0.0069	0.2027	0.1671	0
aero	0	20	0.0078	0.1905	0.1706	0
aero	0	21	0.05	0.2189	0.174	0
aero	0	22	0.0	0.2613	0.1856	0
aero	0	23	0.0376	0.2384	0.1925	0
aero	0	24	0.0	0.2709	0.1992	0
aero	0	25	0.0	0.2571	0.2053	0
aero	0	26	0.0138	0.2648	0.2102	0
aero	0	27	0.0	0.2293	0.2157	0
aero	0	28	0.034	0.2661	0.2245	0
aero	0	29	0.0	0.2993	0.2249	0
aero	0	30	0.0014	0.2949	0.2316	0
aero	0	31	0.024	0.3242	0.2402	0
aero	0	32	0.0092	0.3289	0.2404	0
aero	0	33	0.0094	0.2776	0.2432	0
aero	0	34	0.0574	0.327	0.2569	0
aero	0	35	0.0154	0.3366	0.2541	0
aero	0	36	0.0	0.3048	0.2603	0
aero	0	37	0.0497	0.3367	0.2684	0
aero	0	38	0.0731	0.3197	0.2725	0
aero	0	39	0.0	0.3041	0.2805	0
aero	0	40	0.0	0.3464	0.2817	0
aero	0	41	0.0	0.3489	0.2845	0
aero	0	42	0.0	0.3583	0.288	0
aero	0	43	0.015	0.2946	0.2926	0
aero	0	44	0.0529	0.3545	0.2909	0
aero	0	45	0.1002	0.3461	0.2967	0
aero	0	46	0.084	0.3235	0.3037	0
aero	0	47	0.0	0.3919	0.303	0
aero	0	48	0.0728	0.2977	0.307	0
aero	0	49	0.0395	0.3959	0.3163	0
aero	0	50	0.035	0.3558	0.3132	0
aero	0	51	0.0881	0.3833	0.3172	0
aero	0	52	0.0251	0.3603	0.3198	0
aero	0	53	0.1236	0.3066	0.3199	0
aero	0	54	0.0898	0.3687	0.3279	0
aero	0	55	0.1498	0.4306	0.3307	0
aero	0	56	0.1382	0.4077	0.3346	0
aero	0	57	0.1032	0.3969	0.3312	0
aero	0	58	0.1879	0.3771	0.3375	0
aero	0	59	0.1761	0.366	0.3422	0
aero	0	60	0.1852	0.3783	0.3402	0
aero	0	61	0.2253	0.3937	0.3427	0
aero	0	62	0.2872	0.3846	0.3435	0
aero	0	63	0.2062	0.4249	0.348	0
aero	0	64	0.2259	0.4369	0.353	0
aero	0	65	0.2337	0.3837	0.3523	0
aero	0	66	0.2921	0.45	0.3513	0
aero	0	67	0.2705	0.3942	0.3609	0
aero	0	68	0.3421	0.3913	0.3585	0
aero	0	69	0.3386	0.3957	0.3603	0
aero	0	70	0.3539	0.4264	0.3649	0
aero	0	71	0.4187	0.3601	0.3669	0
aero	0	72	0.4195	0.3908	0.3659	0
aero	0	73	0.4276	0.4169	0.3703	0
aero	0	74	0.3975	0.4007	0.3723	0
aero	0	75	0.4648	0.4108	0.3781	0
aero	0	76	0.4672	0.4449	0.3743	0
aero	0	77	0.524	0.3806	0.3778	0
aero	0	78	0.5362	0.4029	0.3803	0
aero	0	79	0.5001	0.3987	0.383	0
aero	0	80	0.5731	0.383	0.3794	0
aero	0	81	0.5867	0.4042	0.3856	0
aero	0	82	0.5971	0.4191	0.3839	0
aero	0	83	0.6494	0.3672	0.3861	0
aero	0	84	0.6527	0.4268	0.3866	0
aero	0	85	0.5966	0.4224	0.3874	0
aero	0	86	0.5841	0.4377	0.3841	0
aero	0	87	0.6091	0.4221	0.3941	0
aero	0	88	0.6911	0.43	0.3889	0
aero	0	89	0.6677	0.4316	0.3976	0
aero	0	90	0.6551	0.4396	0.3936	0
aero	0	91	0.6562	0.4337	0.3914	0
aero	0	92	0.692	0.4098	0.3983	0
aero	0	93	0.6544	0.4523	0.3943	0
aero	0	94	0.6719	0.3903	0.3978	0
aero	0	95	0.6747	0.4426	0.4033	0
aero	0	96	0.7041	0.4575	0.404	0
aero	0	97	0.6736	0.4289	0.401	0
aero	0	98	0.6866	0.4663	0.4031	0
aero	0	99	0.6649	0.4227	0.405	0
aero	1	0	0.0	0.0242	-0.0039	0
aero	1	1	0.0006	-0.0176	0.0114	0
aero	1	2	0.0	0.0179	0.0243	0
aero	1	3	0.0	0.0374	0.0399	0
aero	1	4	0.0	0.0128	0.0363	0
aero	1	5	0.0216	0.052	0.0532	0
aero	1	6	0.0145	0.0469	0.0631	0
aero	1	7	0.0474	0.1038	0.0604	0
aero	1	8	0.0	0.0995	0.0829	0
aero	1	9	0.0	0.1304	0.0866	0
aero	1	10	0.0276	0.1271	0.0977	0
aero	1	11	0.0201	0.1211	0.1043	0
aero	1	12	0.0	0.1538	0.1167	0
aero	1	13	0.0	0.1513	0.1256	0
aero	1	14	0.0272	0.1912	0.1327	0
aero	1	15	0.0	0.1797	0.1377	0
aero	1	16	0.0081	0.2257	0.1463	0
aero	1	17	0.0	0.157	0.1526	0
aero	1	18	0.0	0.1999	0.1582	0
aero	1	19	0.0	0.2659	0.1706	0
aero	1	20	0.0149	0.2102	0.1752	0
aero	1	21	0.0	0.2373	0.1817	0
aero	1	22	0.013	0.2252	0.1855	0
aero	1	23	0.0547	0.2764	0.1893	0
aero	1	24	0.0	0.2186	0.2005	0
aero	1	25	0.0	0.2582	0.2041	0
aero	1	26	0.0	0.2489	0.2179	0
aero	1	27	0.0399	0.2856	0.2175	0
aero	1	28	0.0001	0.2699	0.2217	0
aero	1	29	0.0191	0.2691	0.2255	0
aero	1	30	0.0	0.2819	0.2342	0
aero	1	31	0.0194	0.2774	0.2375	0
aero	1	32	0.0	0.2773	0.2452	0
aero	1	33	0.0317	0.3049	0.2398	0
aero	1	34	0.0	0.3265	0.25	0
aero	1	35	0.0294	0.3268	0.2566	0
aero	1	36	0.0	0.2817	0.2611	0
aero	1	37	0.0702	0.3217	0.2658	0
aero	1	38	0.0154	0.3544	0.2646	0
aero	1	39	0.0	0.3558	0.2776	0
aero	1	40	0.0326	0.3101	0.2812	0
aero	1	41	0.0	0.334	0.2816	0
aero	1	42	0.0486	0.3142	0.2889	0
aero	1	43	0.0	0.3231	0.2898	0
aero	1	44	0.0283	0.3501	0.2944	0
aero	1	45	0.0666	0.3687	0.2989	0
aero	1	46	0.0	0.3281	0.3004	0
aero	1	47	0.0	0.3737	0.3047	0
aero	1	48	0.0649	0.3318	0.3049	0
aero	1	49	0.001	0.4095	0.3087	0
aero	1	50	0.0561	0.3839	0.3144	0
aero	1	51	0.0268	0.3888	0.3141	0
aero	1	52	0.0637	0.3753	0.3161	0
aero	1	53	0.0944	0.3559	0.3253	0
aero	1	54	0.0828	0.3807	0.3258	0
aero	1	55	0.0258	0.3659	0.3284	0
aero	1	56	0.0972	0.3234	0.3303	0
aero	1	57	0.1511	0.4093	0.3348	0
aero	1	58	0.1448	0.4047	0.3384	0
aero	1	59	0.1762	0.3737	0.345	0
aero	1	60	0.1599	0.4125	0.341	0
aero	1	61	0.1759	0.4035	0.3492	0
aero	1	62	0.2127	0.4446	0.3472	0
aero	1	63	0.2039	0.385	0.3502	0
aero	1	64	0.2654	0.4144	0.3586	0
aero	1	65	0.2358	0.3383	0.3559	0
aero	1	66	0.2715	0.3924	0.3557	0
aero	1	67	0.2758	0.407	0.3583	0
aero	1	68	0.3226	0.4047	0.3592	0
aero	1	69	0.3554	0.4131	0.3663	0
aero	1	70	0.3677	0.4364	0.3663	0
aero	1	71	0.4381	0.3751	0.3662	0
aero	1	72	0.4387	0.4126	0.3656	0
aero	1	73	0.4415	0.4423	0.3726	0
aero	1	74	0.4926	0.4035	0.3721	0
aero	1	75	0.4856	0.3728	0.3728	0
aero	1	76	0.4704	0.4066	0.3812	0
aero	1	77	0.513	0.4062	0.3765	0
aero	1	78	0.5526	0.3759	0.3794	0
aero	1	79	0.5051	0.4402	0.3815	0
aero	1	80	0.5509	0.3985	0.3831	0
aero	1	81	0.6161	0.4208	0.3823	0
aero	1	82	0.6024	0.3857	0.3836	0
aero	1	83	0.6198	0.3956	0.3871	0
aero	1	84	0.6127	0.4502	0.3902	0
aero	1	85	0.6429	0.4006	0.3855	0
aero	1	86	0.644	0.3933	0.3896	0
aero	1	87	0.6066	0.4623	0.3945	0
aero	1	88	0.6492	0.4617	0.3937	0
aero	1	89	0.7042	0.4237	0.3926	0
aero	1	90	0.6561	0.4073	0.3933	0
aero	1	91	0.6027	0.3704	0.3874	0
aero	1	92	0.705	0.3934	0.3948	0
aero	1	93	0.7034	0.4177	0.3971	0
aero	1	94	0.6698	0.4288	0.3963	0
aero	1	95	0.7093	0.4265	0.4058	0
aero	1	96	0.6587	0.4576	0.4002	0
aero	1	97	0.7435	0.4299	0.4048	0
aero	1	98	0.6459	0.4138	0.3975	0
aero	1	99	0.6906	0.489	0.4043	0
aero	2	0	0.0	0.0608	-0.0024	0
aero	2	1	0.0053	-0.0053	0.0148	0
aero	2	2	0.0	0.0791	0.0211	0
aero	2	3	0.0028	-0.0123	0.0323	0
aero	2	4	0.0	0.0625	0.0432	0
aero	2	5	0.0023	0.0675	0.0501	0
aero	2	6	0.0202	0.0918	0.0585	0
aero	2	7	0.0	0.0627	0.0706	0
aero	2	8	0.0201	0.07	0.0838	0
aero	2	9	0.0	0.1051	0.0918	0
aero	2	10	0.0574	0.1116	0.096	0
aero	2	11	0.0399	0.0997	0.1079	0
aero	2	12	0.0401	0.1705	0.1163	0
aero	2	13	0.007	0.2171	0.1242	0
aero	2	14	0.0311	0.1628	0.1287	0
aero	2	15	0.0	0.1793	0.1358	0
aero	2	16	0.0	0.1534	0.1447	0
aero	2	17	0.0115	0.2185	0.146	0
aero	2	18	0.0495	0.2117	0.1601	0
aero	2	19	0.0	0.2188	0.168	0
aero	2	20	0.0	0.237	0.1761	0
aero	2	21	0.0173	0.2113	0.1803	0
aero	2	22	0.0	0.2472	0.1865	0
aero	2	23	0.0357	0.2005	0.1951	0
aero	2	24	0.0034	0.1882	0.2004	0
aero	2	25	0.0017	0.287	0.2006	0
aero	2	26	0.0225	0.2769	0.2146	0
aero	2	27	0.0	0.2561	0.2195	0
aero	2	28	0.0243	0.306	0.2225	0
aero	2	29	0.0567	0.3032	0.2301	0
aero	2	30	0.0013	0.2659	0.2278	0
aero	2	31	0.0	0.3184	0.2368	0
aero	2	32	0.0	0.3161	0.2442	0
aero	2	33	0.0122	0.3399	0.252	0
aero	2	34	0.0158	0.252	0.2502	0
aero	2	35	0.0683	0.3102	0.2592	0
aero	2	36	0.0172	0.2788	0.2665	0
aero	2	37	0.0	0.3067	0.2643	0
aero	2	38	0.0	0.3188	0.2741	0
aero	2	39	0.022	0.307	0.2732	0
aero	2	40	0.0121	0.3038	0.2758	0
aero	2	41	0.0441	0.3282	0.2812	0
aero	2	42	0.0	0.3395	0.2832	0
aero	2	43	0.0036	0.3186	0.2888	0
aero	2	44	0.0	0.3785	0.2973	0
aero	2	45	0.034	0.3527	0.3026	0
aero	2	46	0.0402	0.3556	0.3028	0
aero	2	47	0.0411	0.3531	0.3087	0
aero	2	48	0.0528	0.3777	0.3088	0
aero	2	49	0.0435	0.3756	0.3099	0
aero	2	50	0.1156	0.3709	0.3089	0
aero	2	51	0.0699	0.3432	0.315	0
aero	2	52	0.0856	0.3423	0.32	0
aero	2	53	0.1025	0.3583	0.326	0
aero	2	54	0.1101	0.4112	0.3353	0
aero	2	55	0.0647	0.4142	0.3338	0
aero	2	56	0.1342	0.3974	0.3336	0
aero	2	57	0.1338	0.3844	0.3354	0
aero	2	58	0.0573	0.3989	0.3354	0
aero	2	59	0.0685	0.4057	0.3384	0
aero	2	60	0.1754	0.4028	0.3441	0
aero	2	61	0.1761	0.4259	0.3435	0
aero	2	62	0.202	0.4034	0.3468	0
aero	2	63	0.234	0.3759	0.3528	0
aero	2	64	0.255	0.3822	0.3519	0
aero	2	65	0.2377	0.4434	0.3502	0
aero	2	66	0.2822	0.4	0.3543	0
aero	2	67	0.3368	0.377	0.3586	0
aero	2	68	0.3318	0.4011	0.3652	0
aero	2	69	0.3252	0.3896	0.3628	0
aero	2	70	0.4031	0.366	0.3618	0
aero	2	71	0.356	0.4473	0.3655	0
aero	2	72	0.4268	0.3979	0.3649	0
aero	2	73	0.4693	0.4154	0.3673	0
aero	2	74	0.4213	0.3964	0.3721	0
aero	2	75	0.4755	0.3856	0.3738	0
aero	2	76	0.5525	0.4025	0.3727	0
aero	2	77	0.5461	0.4386	0.3774	0
aero	2	78	0.5615	0.4585	0.3756	0
aero	2	79	0.5712	0.4368	0.3823	0
aero	2	80	0.5676	0.4515	0.389	0
aero	2	81	0.5544	0.4728	0.3865	0
aero	2	82	0.5753	0.4086	0.3853	0
aero	2	83	0.5753	0.4482	0.3868	0
aero	2	84	0.588	0.4405	0.3846	0
aero	2	85	0.6462	0.4507	0.389	0
aero	2	86	0.6464	0.4395	0.3909	0
aero	2	87	0.6822	0.4451	0.3954	0
aero	2	88	0.6889	0.3971	0.3986	0
aero	2	89	0.6589	0.4378	0.3962	0
aero	2	90	0.6518	0.4269	0.401	0
aero	2	91	0.7171	0.4123	0.3905	0
aero	2	92	0.7199	0.4644	0.401	0
aero	2	93	0.7039	0.4205	0.3915	0
aero	2	94	0.6814	0.4234	0.3982	0
aero	2	95	0.6771	0.3911	0.4032	0
aero	2	96	0.6508	0.404	0.3974	0
aero	2	97	0.6937	0.4568	0.4039	0
aero	2	98	0.6918	0.4276	0.4109	0
aero	2	99	0.6782	0.4012	0.4072	0
aero	3	0	0.0002	-0.012	0.002	0
aero	3	1	0.008	0.0356	0.0112	0
aero	3	2	0.0	0.0098	0.026	0
aero	3	3	0.0397	0.0268	0.0309	0
aero	3	4	0.0186	0.0218	0.0503	0
aero	3	5	0.0129	0.0685	0.0499	0
aero	3	6	0.0686	0.0522	0.061	0
aero	3	7	0.0	0.0838	0.0718	0
aero	3	8	0.0361	0.0775	0.0844	0
aero	3	9	0.0333	0.1276	0.0855	0
aero	3	10	0.0	0.1435	0.1008	0
aero	3	11	0.0198	0.1239	0.1041	0
aero	3	12	0.0564	0.1371	0.1159	0
aero	3	13	0.0	0.154	0.124	0
aero	3	14	0.0	0.1896	0.1254	0
aero	3	15	0.0	0.1988	0.1421	0
aero	3	16	0.0	0.1729	0.1462	0
aero	3	17	0.0126	0.1841	0.1573	0
aero	3	18	0.0	0.2423	0.1666	0
aero	3	19	0.0411	0.2296	0.1628	0
aero	3	20	0.0	0.2294	0.1744	0
aero	3	21	0.0443	0.2535	0.1868	0
aero	3	22	0.0286	0.23	0.1862	0
aero	3	23	0.0	0.2615	0.1865	0
aero	3	24	0.0	0.2437	0.1966	0
aero	3	25	0.0	0.2173	0.2038	0
aero	3	26	0.0663	0.2637	0.2129	0
aero	3	27	0.0143	0.2673	0.2145	0
aero	3	28	0.0081	0.2551	0.2218	0
aero	3	29	0.0202	0.2629	0.2269	0
aero	3	30	0.0052	0.2642	0.2309	0
aero	3	31	0.0	0.2623	0.239	0
aero	3	32	0.0215	0.2716	0.2405	0
aero	3	33	0.0	0.323	0.2498	0
aero	3	34	0.0	0.2715	0.2491	0
aero	3	35	0.0059	0.2629	0.2507	0
aero	3	36	0.003	0.2899	0.2595	0
aero	3	37	0.0	0.3193	0.2653	0
aero	3	38	0.0	0.3341	0.2777	0
aero	3	39	0.0153	0.3223	0.2767	0
aero	3	40	0.0309	0.2892	0.2768	0
aero	3	41	0.0184	0.3587	0.2852	0
aero	3	42	0.0051	0.3229	0.2919	0
aero	3	43	0.0134	0.2891	0.2937	0
aero	3	44	0.0328	0.347	0.2887	0
aero	3	45	0.0196	0.3513	0.2969	0
aero	3	46	0.035	0.338	0.2952	0
aero	3	47	0.0297	0.3623	0.3	0
aero	3	48	0.0123	0.36	0.302	0
aero	3	49	0.0654	0.3444	0.3085	0
aero	3	50	0.0813	0.3444	0.3131	0
aero	3	51	0.1026	0.3053	0.315	0
aero	3	52	0.0504	0.4085	0.3201	0
aero	3	53	0.0492	0.4149	0.3217	0
aero	3	54	0.0824	0.372	0.3265	0
aero	3	55	0.1025	0.3989	0.3292	0
aero	3	56	0.0903	0.3952	0.3309	0
aero	3	57	0.1236	0.3311	0.3422	0
aero	3	58	0.1828	0.3727	0.3385	0
aero	3	59	0.1253	0.402	0.3404	0
aero	3	60	0.1497	0.3851	0.3428	0
aero	3	61	0.1882	0.4056	0.3426	0
aero	3	62	0.1564	0.3918	0.3443	0
aero	3	63	0.1994	0.3692	0.3511	0
aero	3	64	0.2304	0.3639	0.3486	0
aero	3	65	0.1889	0.4032	0.3511	0
aero	3	66	0.2728	0.3913	0.355	0
aero	3	67	0.2338	0.3718	0.3592	0
aero	3	68	0.2937	0.367	0.3566	0
aero	3	69	0.3478	0.4255	0.3568	0
aero	3	70	0.3496	0.3952	0.3649	0
aero	3	71	0.4075	0.4235	0.3649	0
aero	3	72	0.3617	0.4042	0.3654	0
aero	3	73	0.4191	0.3701	0.3678	0
aero	3	74	0.4475	0.4432	0.3672	0
aero	3	75	0.4734	0.4124	0.3734	0
aero	3	76	0.4749	0.4072	0.3767	0
aero	3	77	0.5888	0.3969	0.3781	0
aero	3	78	0.5567	0.4378	0.3844	0
aero	3	79	0.5447	0.376	0.3825	0
aero	3	80	0.5721	0.433	0.3831	0
aero	3	81	0.6624	0.4401	0.3872	0
aero	3	82	0.602	0.4011	0.3835	0
aero	3	83	0.5859	0.4332	0.3868	0
aero	3	84	0.5675	0.3914	0.3858	0
aero	3	85	0.5878	0.4368	0.3878	0
aero	3	86	0.6007	0.4302	0.395	0
aero	3	87	0.6601	0.4083	0.3898	0
aero	3	88	0.6514	0.4023	0.3979	0
aero	3	89	0.6651	0.4321	0.3942	0
aero	3	90	0.7521	0.4523	0.3933	0
aero	3	91	0.6421	0.455	0.3955	0
aero	3	92	0.5961	0.4117	0.3965	0
aero	3	93	0.686	0.4688	0.3963	0
aero	3	94	0.714	0.4073	0.395	0
aero	3	95	0.731	0.4575	0.3974	0
aero	3	96	0.6845	0.4627	0.4001	0
aero	3	97	0.709	0.4295	0.4041	0
aero	3	98	0.7108	0.4337	0.4033	0
aero	3	99	0.6769	0.4381	0.4059	0
aero	4	0	0.0052	-0.0039	0.0018	0
aero	4	1	0.0497	0.0389	0.0161	0
aero	4	2	0.0	0.0473	0.0211	0
aero	4	3	0.0858	0.0601	0.0326	0
aero	4	4	0.0	0.0742	0.0423	0
aero	4	5	0.0086	0.0771	0.0481	0
aero	4	6	0.0	0.0997	0.0574	0
aero	4	7	0.0	0.0904	0.0717	0
aero	4	8	0.0312	0.122	0.0762	0
aero	4	9	0.0288	0.1425	0.0957	0
aero	4	10	0.0368	0.1602	0.097	0
aero	4	11	0.0	0.1881	0.1112	0
aero	4	12	0.0064	0.1845	0.1137	0
aero	4	13	0.0205	0.1607	0.1201	0
aero	4	14	0.0	0.1623	0.1327	0
aero	4	15	0.0	0.1869	0.1365	0
aero	4	16	0.0	0.202	0.1464	0
aero	4	17	0.0	0.2199	0.155	0
aero	4	18	0.035	0.1838	0.1583	0
aero	4	19	0.0277	0.1641	0.1671	0
aero	4	20	0.0	0.1832	0.1727	0
aero	4	21	0.0	0.2618	0.1791	0
aero	4	22	0.0113	0.2308	0.1919	0
aero	4	23	0.0	0.259	0.1931	0
aero	4	24	0.0217	0.2419	0.2	0
aero	4	25	0.0165	0.276	0.2092	0
aero	4	26	0.0	0.2813	0.2107	0
aero	4	27	0.0	0.2885	0.2198	0
aero	4	28	0.0	0.2737	0.2204	0
aero	4	29	0.0	0.2029	0.2266	0
aero	4	30	0.0194	0.2638	0.2304	0
aero	4	31	0.0287	0.3082	0.2383	0
aero	4	32	0.0479	0.3474	0.2418	0
aero	4	33	0.0408	0.2945	0.2442	0
aero	4	34	0.0	0.28	0.2558	0
aero	4	35	0.0181	0.2662	0.2579	0
aero	4	36	0.0066	0.3478	0.2623	0
aero	4	37	0.0	0.2927	0.2676	0
aero	4	38	0.0001	0.3282	0.2678	0
aero	4	39	0.019	0.2711	0.2786	0
aero	4	40	0.0152	0.3091	0.2791	0
aero	4	41	0.0531	0.3444	0.2865	0
aero	4	42	0.0619	0.3482	0.2798	0
aero	4	43	0.0022	0.3721	0.2911	0
aero	4	44	0.0398	0.3623	0.296	0
aero	4	45	0.0418	0.3299	0.2941	0
aero	4	46	0.0	0.3249	0.301	0
aero	4	47	0.0754	0.3526	0.3076	0
aero	4	48	0.0549	0.3153	0.3092	0
aero	4	49	0.128	0.3526	0.3162	0
aero	4	50	0.0727	0.4041	0.3168	0
aero	4	51	0.0497	0.3945	0.3198	0
aero	4	52	0.0647	0.401	0.3232	0
aero	4	53	0.0591	0.3492	0.3208	0
aero	4	54	0.0911	0.364	0.3266	0
aero	4	55	0.1181	0.3217	0.3264	0
aero	4	56	0.1023	0.3815	0.3307	0
aero	4	57	0.0771	0.3236	0.3341	0
aero	4	58	0.1263	0.4043	0.3345	0
aero	4	59	0.1614	0.3895	0.3392	0
aero	4	60	0.217	0.3877	0.3379	0
aero	4	61	0.1646	0.3498	0.3421	0
aero	4	62	0.2391	0.3891	0.35	0
aero	4	63	0.2128	0.3887	0.3481	0
aero	4	64	0.2583	0.4023	0.3533	0
aero	4	65	0.2795	0.3633	0.3466	0
aero	4	66	0.2668	0.4132	0.3562	0
aero	4	67	0.3205	0.3907	0.3624	0
aero	4	68	0.3181	0.4052	0.361	0
aero	4	69	0.3527	0.4251	0.3635	0
aero	4	70	0.3306	0.4454	0.3682	0
aero	4	71	0.3925	0.4045	0.3638	0
aero	4	72	0.433	0.3728	0.3737	0
aero	4	73	0.4106	0.4055	0.3659	0
aero	4	74	0.4649	0.3767	0.3723	0
aero	4	75	0.4879	0.4028	0.372	0
aero	4	76	0.5116	0.4256	0.3726	0
aero	4	77	0.5017	0.4767	0.3758	0
aero	4	78	0.4397	0.4304	0.3813	0
aero	4	79	0.5255	0.4071	0.3822	0
aero	4	80	0.532	0.4321	0.377	0
aero	4	81	0.609	0.4177	0.3772	0
aero	4	82	0.6345	0.3973	0.3872	0
aero	4	83	0.5811	0.4682	0.3867	0
aero	4	84	0.6351	0.3563	0.384	0
aero	4	85	0.5926	0.4746	0.3893	0
aero	4	86	0.6237	0.4075	0.3889	0
aero	4	87	0.6227	0.4465	0.391	0
aero	4	88	0.6368	0.4062	0.3955	0
aero	4	89	0.69	0.4521	0.3911	0
aero	4	90	0.6366	0.412	0.3953	0
aero	4	91	0.6743	0.4264	0.3964	0
aero	4	92	0.6844	0.4063	0.3948	0
aero	4	93	0.6504	0.4101	0.3991	0
aero	4	94	0.6943	0.4467	0.4002	0
aero	4	95	0.7385	0.4089	0.4022	0
aero	4	96	0.6976	0.4243	0.3994	0
aero	4	97	0.682	0.4173	0.4059	0
aero	4	98	0.733	0.4306	0.4042	0
aero	4	99	0.7194	0.4007	0.4036	0
grpo	0	0	0.0	-0.0199	0.0045	0
grpo	0	1	0.0	0.0038	0.0061	0
grpo	0	2	0.0025	0.0252	0.0217	0
grpo	0	3	0.0	0.0695	0.0374	0
grpo	0	4	0.0191	0.0493	0.0414	0
grpo	0	5	0.0	0.0846	0.0492	0
grpo	0	6	0.0	0.0517	0.0607	0
grpo	0	7	0.0	0.0456	0.0644	0
grpo	0	8	0.0	0.0905	0.0748	0
grpo	0	9	0.0	0.0688	0.087	0
grpo	0	10	0.0488	0.1637	0.0999	0
grpo	0	11	0.0	0.1397	0.0988	0
grpo	0	12	0.0	0.1678	0.104	0
grpo	0	13	0.0163	0.146	0.1134	0
grpo	0	14	0.016	0.1386	0.1224	0
grpo	0	15	0.0561	0.2242	0.1306	0
grpo	0	16	0.0119	0.1745	0.1381	0
grpo	0	17	0.0375	0.1822	0.148	0
grpo	0	18	0.0243	0.1349	0.1561	0
grpo	0	19	0.0105	0.1888	0.1554	0
grpo	0	20	0.0327	0.1952	0.1639	0
grpo	0	21	0.0371	0.2191	0.1681	0
grpo	0	22	0.0	0.2208	0.1749	0
grpo	0	23	0.0796	0.1922	0.1768	0
grpo	0	24	0.0226	0.2255	0.1871	0
grpo	0	25	0.043	0.2236	0.1899	0
grpo	0	26	0.1228	0.2554	0.2001	0
grpo	0	27	0.0904	0.2475	0.2025	0
grpo	0	28	0.1086	0.2658	0.2093	0
grpo	0	29	0.0827	0.2422	0.2142	0
grpo	0	30	0.128	0.2565	0.2203	0
grpo	0	31	0.1301	0.256	0.2243	0
grpo	0	32	0.1709	0.265	0.2292	0
grpo	0	33	0.1238	0.2997	0.2343	0
grpo	0	34	0.187	0.2844	0.2368	0
grpo	0	35	0.2582	0.2973	0.2422	0
grpo	0	36	0.2681	0.2915	0.2445	0
grpo	0	37	0.2006	0.2747	0.2524	0
grpo	0	38	0.1974	0.2614	0.2578	0
grpo	0	39	0.2143	0.3038	0.261	0
grpo	0	40	0.3496	0.289	0.2648	0
grpo	0	41	0.3042	0.2852	0.2646	0
grpo	0	42	0.3941	0.2815	0.275	0
grpo	0	43	0.4229	0.291	0.2832	0
grpo	0	44	0.3546	0.3003	0.2787	0
grpo	0	45	0.4557	0.3021	0.2796	0
grpo	0	46	0.4907	0.3424	0.287	0
grpo	0	47	0.509	0.3315	0.2881	0
grpo	0	48	0.5717	0.3442	0.2951	0
grpo	0	49	0.5044	0.3292	0.2911	0
grpo	0	50	0.6037	0.3471	0.2986	0
grpo	0	51	0.5981	0.3709	0.2979	0
grpo	0	52	0.6187	0.3673	0.3086	0
grpo	0	53	0.6132	0.3431	0.3124	0
grpo	0	54	0.6823	0.3329	0.3074	0
grpo	0	55	0.7166	0.3292	0.3113	0
grpo	0	56	0.7166	0.3676	0.3179	0
grpo	0	57	0.688	0.3816	0.3194	0
grpo	0	58	0.7146	0.3375	0.3205	0
grpo	0	59	0.7732	0.3557	0.3164	0
grpo	0	60	0.77	0.3419	0.3243	0
grpo	0	61	0.6949	0.4021	0.3222	0
grpo	0	62	0.7351	0.326	0.3329	0
grpo	0	63	0.8251	0.3839	0.3329	0
grpo	0	64	0.894	0.3679	0.3344	0
grpo	0	65	0.794	0.3821	0.3313	0
grpo	0	66	0.8442	0.2977	0.3354	0
grpo	0	67	0.8695	0.3937	0.3409	0
grpo	0	68	0.7929	0.3689	0.3401	0
grpo	0	69	0.822	0.3693	0.3414	0
grpo	0	70	0.8716	0.3692	0.3483	0
grpo	0	71	0.8316	0.3636	0.3493	0
grpo	0	72	0.7987	0.3904	0.3479	0
grpo	0	73	0.8619	0.3765	0.3511	0
grpo	0	74	0.9141	0.3714	0.3587	1
grpo	0	75	0.9183	0.3064	0.3585	1
grpo	0	76	0.8537	0.3871	0.3532	1
grpo	0	77	0.8718	0.3701	0.3511	1
grpo	0	78	0.8748	0.4152	0.3592	1
grpo	0	79	0.8856	0.378	0.3611	1
grpo	0	80	0.8142	0.3741	0.3659	1
grpo	0	81	0.8597	0.3904	0.3678	1
grpo	0	82	0.8738	0.3975	0.3634	1
grpo	0	83	0.8253	0.3742	0.3694	1
grpo	0	84	0.9096	0.3723	0.3644	1
grpo	0	85	0.8874	0.4062	0.3652	1
grpo	0	86	0.9072	0.3901	0.37	1
grpo	0	87	0.8854	0.3861	0.3661	1
grpo	0	88	0.8406	0.3691	0.3746	1
grpo	0	89	0.864	0.3981	0.3714	1
grpo	0	90	0.912	0.369	0.3761	1
grpo	0	91	0.9101	0.377	0.3741	1
grpo	0	92	0.8727	0.411	0.3772	1
grpo	0	93	0.9007	0.4438	0.3791	1
grpo	0	94	0.8448	0.4414	0.3823	1
grpo	0	95	0.8912	0.3599	0.3834	1
grpo	0	96	0.8887	0.3744	0.377	1
grpo	0	97	0.9308	0.363	0.3832	1
grpo	0	98	0.904	0.4097	0.3844	1
grpo	0	99	0.8622	0.3913	0.3814	1
grpo	1	0	0.0	0.0366	0.0029	0
grpo	1	1	0.0306	-0.0062	0.0073	0
grpo	1	2	0.0565	0.0755	0.0229	0
grpo	1	3	0.008	0.0415	0.0342	0
grpo	1	4	0.0243	0.0331	0.035	0
grpo	1	5	0.0244	0.0489	0.051	0
grpo	1	6	0.0404	0.0815	0.0625	0
grpo	1	7	0.0	0.0208	0.0668	0
grpo	1	8	0.0	0.1245	0.0744	0
grpo	1	9	0.0	0.1361	0.0872	0
grpo	1	10	0.0066	0.1251	0.0956	0
grpo	1	11	0.0213	0.1264	0.1013	0
grpo	1	12	0.0498	0.1294	0.1044	0
grpo	1	13	0.0	0.155	0.1216	0
grpo	1	14	0.0	0.1657	0.1255	0
grpo	1	15	0.0	0.1773	0.1285	0
grpo	1	16	0.0794	0.1765	0.1404	0
grpo	1	17	0.0338	0.1975	0.1415	0
grpo	1	18	0.0377	0.1703	0.1534	0
grpo	1	19	0.0046	0.1722	0.1561	0
grpo	1	20	0.06	0.1648	0.1637	0
grpo	1	21	0.0317	0.1783	0.1755	0
grpo	1	22	0.0544	0.2192	0.1785	0
grpo	1	23	0.0695	0.2337	0.1824	0
grpo	1	24	0.0363	0.261	0.1877	0
grpo	1	25	0.091	0.1881	0.1947	0
grpo	1	26	0.097	0.2413	0.1929	0
grpo	1	27	0.0834	0.2336	0.203	0
grpo	1	28	0.0729	0.3001	0.2029	0
grpo	1	29	0.1262	0.2332	0.2159	0
grpo	1	30	0.156	0.2365	0.2231	0
grpo	1	31	0.1248	0.2513	0.2244	0
grpo	1	32	0.0988	0.2718	0.2294	0
grpo	1	33	0.1118	0.2691	0.2357	0
grpo	1	34	0.1685	0.2741	0.2343	0
grpo	1	35	0.2185	0.2864	0.2415	0
grpo	1	36	0.1884	0.2607	0.251	0
grpo	1	37	0.249	0.2901	0.2491	0
grpo	1	38	0.3049	0.2849	0.2542	0
grpo	1	39	0.3142	0.3345	0.2622	0
grpo	1	40	0.303	0.2606	0.2643	0
grpo	1	41	0.3913	0.2841	0.2692	0
grpo	1	42	0.3534	0.3284	0.2686	0
grpo	1	43	0.3949	0.3447	0.273	0
grpo	1	44	0.367	0.3102	0.2776	0
grpo	1	45	0.404	0.3147	0.2746	0
grpo	1	46	0.4701	0.3266	0.2832	0
grpo	1	47	0.5022	0.3404	0.2923	0
grpo	1	48	0.5239	0.3637	0.2938	0
grpo	1	49	0.5324	0.3032	0.2909	0
grpo	1	50	0.6232	0.3756	0.2999	0
grpo	1	51	0.5657	0.2849	0.3005	0
grpo	1	52	0.5664	0.3756	0.3035	0
grpo	1	53	0.6478	0.3379	0.3021	0
grpo	1	54	0.6759	0.3537	0.3072	0
grpo	1	55	0.6867	0.3872	0.3071	0
grpo	1	56	0.7295	0.3319	0.3155	0
grpo	1	57	0.6696	0.3752	0.3153	0
grpo	1	58	0.7098	0.357	0.3206	0
grpo	1	59	0.6989	0.3543	0.3209	0
grpo	1	60	0.7385	0.329	0.3271	0
grpo	1	61	0.7896	0.3891	0.3298	0
grpo	1	62	0.7431	0.319	0.3285	0
grpo	1	63	0.7514	0.3819	0.3358	0
grpo	1	64	0.8363	0.3384	0.333	0
grpo	1	65	0.8288	0.356	0.3329	0
grpo	1	66	0.7945	0.3615	0.3421	0
grpo	1	67	0.8293	0.3747	0.3409	0
grpo	1	68	0.8727	0.3604	0.3441	0
grpo	1	69	0.822	0.3788	0.3509	0
grpo	1	70	0.8962	0.3553	0.3466	0
grpo	1	71	0.8463	0.3657	0.3534	0
grpo	1	72	0.8289	0.413	0.3494	0
grpo	1	73	0.8868	0.3682	0.3508	0
grpo	1	74	0.8482	0.3323	0.3479	0
grpo	1	75	0.8407	0.3934	0.3509	0
grpo	1	76	0.8757	0.3809	0.3595	0
grpo	1	77	0.872	0.3931	0.3583	0
grpo	1	78	0.852	0.3591	0.3589	0
grpo	1	79	0.8322	0.4142	0.3583	0
grpo	1	80	0.8544	0.4193	0.3626	0
grpo	1	81	0.8873	0.376	0.3613	0
grpo	1	82	0.9056	0.4062	0.3649	1
grpo	1	83	0.8295	0.3817	0.3634	1
grpo	1	84	0.8491	0.4157	0.3673	1
grpo	1	85	0.8944	0.4005	0.3667	1
grpo	1	86	0.8607	0.4176	0.3707	1
grpo	1	87	0.8857	0.3721	0.3741	1
grpo	1	88	0.8994	0.3838	0.3716	1
grpo	1	89	0.8983	0.4172	0.3718	1
grpo	1	90	0.8567	0.432	0.3736	1
grpo	1	91	0.8658	0.411	0.3758	1
grpo	1	92	0.8517	0.4031	0.3802	1
grpo	1	93	0.8611	0.3879	0.3774	1
grpo	1	94	0.8772	0.411	0.3721	1
grpo	1	95	0.8786	0.3752	0.3773	1
grpo	1	96	0.8932	0.3843	0.3819	1
grpo	1	97	0.8653	0.3743	0.3862	1
grpo	1	98	0.9026	0.3925	0.3824	1
grpo	1	99	0.8412	0.4084	0.3854	1
grpo	2	0	0.0	0.0076	0.0067	0
grpo	2	1	0.0185	0.0762	0.011	0
grpo	2	2	0.0	-0.0095	0.0178	0
grpo	2	3	0.0377	0.0347	0.0275	0
grpo	2	4	0.0495	0.0353	0.04	0
grpo	2	5	0.0055	0.0323	0.0453	0
grpo	2	6	0.0307	0.1014	0.0606	0
grpo	2	7	0.0041	0.1332	0.0675	0
grpo	2	8	0.0193	0.1055	0.0788	0
grpo	2	9	0.0	0.0869	0.0833	0
grpo	2	10	0.0306	0.0991	0.0945	0
grpo	2	11	0.0373	0.1654	0.1	0
grpo	2	12	0.062	0.1502	0.1106	0
grpo	2	13	0.0657	0.1911	0.1157	0
grpo	2	14	0.0289	0.1773	0.1242	0
grpo	2	15	0.0	0.1845	0.1296	0
grpo	2	16	0.0012	0.1128	0.1373	0
grpo	2	17	0.0304	0.2039	0.1466	0
grpo	2	18	0.0678	0.1575	0.1537	0
grpo	2	19	0.0413	0.1574	0.1586	0
grpo	2	20	0.0206	0.2269	0.1703	0
grpo	2	21	0.0076	0.2287	0.1786	0
grpo	2	22	0.0729	0.2072	0.171	0
grpo	2	23	0.0284	0.2176	0.1881	0
grpo	2	24	0.0861	0.2148	0.1914	0
grpo	2	25	0.0567	0.2329	0.1935	0
grpo	2	26	0.0717	0.251	0.1984	0
grpo	2	27	0.0889	0.2562	0.2038	0
grpo	2	28	0.0876	0.3044	0.211	0
grpo	2	29	0.1063	0.2346	0.2114	0
grpo	2	30	0.095	0.2272	0.219	0
grpo	2	31	0.1147	0.2456	0.2227	0
grpo	2	32	0.1404	0.2834	0.232	0
grpo	2	33	0.134	0.2728	0.2376	0
grpo	2	34	0.1597	0.2638	0.2382	0
grpo	2	35	0.1978	0.3239	0.2398	0
grpo	2	36	0.1929	0.326	0.246	0
grpo	2	37	0.2546	0.2923	0.2588	0
grpo	2	38	0.312	0.2993	0.256	0
grpo	2	39	0.3004	0.3176	0.2609	0
grpo	2	40	0.3297	0.286	0.2684	0
grpo	2	41	0.3658	0.3525	0.2668	0
grpo	2	42	0.3304	0.2678	0.2711	0
grpo	2	43	0.3789	0.2431	0.2736	0
grpo	2	44	0.4579	0.2945	0.2795	0
grpo	2	45	0.4514	0.3392	0.28	0
grpo	2	46	0.4711	0.2912	0.287	0
grpo	2	47	0.477	0.3108	0.2887	0
grpo	2	48	0.538	0.3528	0.2973	0
grpo	2	49	0.5591	0.3374	0.2995	0
grpo	2	50	0.5312	0.324	0.3029	0
grpo	2	51	0.5756	0.3698	0.3012	0
grpo	2	52	0.5924	0.359	0.3031	0
grpo	2	53	0.6519	0.3551	0.3042	0
grpo	2	54	0.6941	0.302	0.3161	0
grpo	2	55	0.7019	0.3737	0.3133	0
grpo	2	56	0.75	0.3431	0.3143	0
grpo	2	57	0.7041	0.3265	0.3224	0
grpo	2	58	0.6993	0.3788	0.3172	0
grpo	2	59	0.72	0.3315	0.3238	0
grpo	2	60	0.7294	0.3197	0.3226	0
grpo	2	61	0.7764	0.4144	0.3267	0
grpo	2	62	0.7539	0.3527	0.329	0
grpo	2	63	0.7825	0.3675	0.3291	0
grpo	2	64	0.817	0.3559	0.3381	0
grpo	2	65	0.8504	0.3269	0.3373	0
grpo	2	66	0.7873	0.3619	0.3339	0
grpo	2	67	0.8316	0.3418	0.3397	0
grpo	2	68	0.8294	0.3232	0.3414	0
grpo	2	69	0.8591	0.3837	0.3409	0
grpo	2	70	0.7962	0.3569	0.3474	0
grpo	2	71	0.829	0.3782	0.341	0
grpo	2	72	0.8414	0.4212	0.3497	0
grpo	2	73	0.8281	0.3684	0.3575	0
grpo	2	74	0.8473	0.3623	0.3527	0
grpo	2	75	0.8835	0.3376	0.3496	0
grpo	2	76	0.8414	0.383	0.3556	0
grpo	2	77	0.8857	0.4022	0.3559	0
grpo	2	78	0.8061	0.3699	0.3603	0
grpo	2	79	0.8672	0.4342	0.3569	0
grpo	2	80	0.8343	0.4059	0.3616	0
grpo	2	81	0.8925	0.4251	0.3638	0
grpo	2	82	0.8567	0.3454	0.3668	0
grpo	2	83	0.9019	0.3629	0.3681	1
grpo	2	84	0.8524	0.3808	0.3681	1
grpo	2	85	0.8823	0.4165	0.3651	1
grpo	2	86	0.918	0.3909	0.3671	1
grpo	2	87	0.8845	0.4154	0.3725	1
grpo	2	88	0.902	0.4314	0.3703	1
grpo	2	89	0.8946	0.37	0.3749	1
grpo	2	90	0.8852	0.3973	0.3738	1
grpo	2	91	0.8469	0.4141	0.3767	1
grpo	2	92	0.9144	0.3307	0.3724	1
grpo	2	93	0.8636	0.3579	0.3786	1
grpo	2	94	0.8584	0.4059	0.3805	1
grpo	2	95	0.8886	0.3931	0.381	1
grpo	2	96	0.8666	0.3476	0.3799	1
grpo	2	97	0.8786	0.3886	0.386	1
grpo	2	98	0.8577	0.4095	0.3806	1
grpo	2	99	0.8717	0.3975	0.3836	1
grpo	3	0	0.0052	-0.0018	0.0015	0
grpo	3	1	0.0298	-0.0049	0.0111	0
grpo	3	2	0.0271	0.0537	0.0275	0
grpo	3	3	0.0081	0.1153	0.0283	0
grpo	3	4	0.0204	0.0498	0.0393	0
grpo	3	5	0.0	0.0352	0.0505	0
grpo	3	6	0.0238	0.0679	0.0628	0
grpo	3	7	0.0283	0.1371	0.0712	0
grpo	3	8	0.037	0.1079	0.0749	0
grpo	3	9	0.0586	0.0825	0.0808	0
grpo	3	10	0.0	0.1416	0.0968	0
grpo	3	11	0.0372	0.1104	0.0981	0
grpo	3	12	0.0158	0.1303	0.1118	0
grpo	3	13	0.0612	0.137	0.1169	0
grpo	3	14	0.0	0.121	0.1229	0
grpo	3	15	0.0321	0.1585	0.1258	0
grpo	3	16	0.037	0.19	0.138	0
grpo	3	17	0.0665	0.1941	0.1436	0
grpo	3	18	0.0	0.1842	0.15	0
grpo	3	19	0.0152	0.1665	0.1569	0
grpo	3	20	0.0738	0.2041	0.1691	0
grpo	3	21	0.0434	0.2084	0.1745	0
grpo	3	22	0.054	0.2454	0.1811	0
grpo	3	23	0.0643	0.203	0.1858	0
grpo	3	24	0.0739	0.2111	0.1851	0
grpo	3	25	0.0632	0.2378	0.2006	0
grpo	3	26	0.041	0.2195	0.2016	0
grpo	3	27	0.0857	0.2325	0.1993	0
grpo	3	28	0.0675	0.3004	0.2101	0
grpo	3	29	0.1415	0.2745	0.2141	0
grpo	3	30	0.0978	0.2486	0.2278	0
grpo	3	31	0.1472	0.3003	0.2239	0
grpo	3	32	0.1636	0.3019	0.2287	0
grpo	3	33	0.1089	0.2817	0.2322	0
grpo	3	34	0.1507	0.2822	0.242	0
grpo	3	35	0.2152	0.3084	0.244	0
grpo	3	36	0.2225	0.2976	0.2483	0
grpo	3	37	0.1732	0.3193	0.2516	0
grpo	3	38	0.2606	0.3038	0.2566	0
grpo	3	39	0.2861	0.3083	0.262	0
grpo	3	40	0.3421	0.2831	0.2633	0
grpo	3	41	0.3815	0.3145	0.2641	0
grpo	3	42	0.3783	0.3071	0.27	0
grpo	3	43	0.3607	0.2907	0.2712	0
grpo	3	44	0.3648	0.3341	0.2764	0
grpo	3	45	0.3677	0.3167	0.2811	0
grpo	3	46	0.4905	0.3321	0.2824	0
grpo	3	47	0.4773	0.3253	0.2899	0
grpo	3	48	0.5391	0.3117	0.2979	0
grpo	3	49	0.5127	0.326	0.2943	0
grpo	3	50	0.5547	0.3351	0.3009	0
grpo	3	51	0.5929	0.3254	0.3021	0
grpo	3	52	0.554	0.3647	0.3073	0
grpo	3	53	0.603	0.3387	0.3049	0
grpo	3	54	0.6962	0.3772	0.309	0
grpo	3	55	0.6942	0.3196	0.3096	0
grpo	3	56	0.7147	0.3098	0.3147	0
grpo	3	57	0.6753	0.3904	0.3172	0
grpo	3	58	0.7807	0.3312	0.3214	0
grpo	3	59	0.75	0.2727	0.3205	0
grpo	3	60	0.7245	0.3401	0.3257	0
grpo	3	61	0.7612	0.3479	0.3275	0
grpo	3	62	0.7797	0.3434	0.3271	0
grpo	3	63	0.7865	0.3752	0.329	0
grpo	3	64	0.8288	0.4106	0.3353	0
grpo	3	65	0.8164	0.3536	0.3374	0
grpo	3	66	0.8385	0.3402	0.3391	0
grpo	3	67	0.8428	0.3259	0.342	0
grpo	3	68	0.801	0.3652	0.342	0
grpo	3	69	0.8558	0.3888	0.3453	0
grpo	3	70	0.8914	0.3319	0.3427	0
grpo	3	71	0.8573	0.4333	0.3441	0
grpo	3	72	0.8459	0.4192	0.3469	0
grpo	3	73	0.8336	0.4393	0.3492	0
grpo	3	74	0.8197	0.4307	0.3512	0
grpo	3	75	0.8589	0.3454	0.3572	0
grpo	3	76	0.8796	0.3405	0.3563	0
grpo	3	77	0.8577	0.3441	0.359	0
grpo	3	78	0.8905	0.4165	0.3628	0
grpo	3	79	0.8859	0.4017	0.355	0
grpo	3	80	0.8649	0.3902	0.3556	0
grpo	3	81	0.8559	0.4236	0.3605	0
grpo	3	82	0.8561	0.3958	0.3618	0
grpo	3	83	0.8359	0.4043	0.3653	0
grpo	3	84	0.8607	0.397	0.368	0
grpo	3	85	0.9218	0.3869	0.3681	0
grpo	3	86	0.859	0.412	0.3649	0
grpo	3	87	0.8497	0.3693	0.3717	0
grpo	3	88	0.9222	0.3296	0.3729	0
grpo	3	89	0.8596	0.4043	0.3731	0
grpo	3	90	0.9573	0.4343	0.3771	0
grpo	3	91	0.8132	0.3982	0.3744	0
grpo	3	92	0.8817	0.4286	0.3753	0
grpo	3	93	0.8423	0.3715	0.3798	0
grpo	3	94	0.8928	0.3723	0.3753	0
grpo	3	95	0.8557	0.392	0.3789	0
grpo	3	96	0.8938	0.4312	0.3778	0
grpo	3	97	0.8986	0.4044	0.3769	0
grpo	3	98	0.8919	0.4239	0.3869	0
grpo	3	99	0.9267	0.3739	0.3796	0
grpo	4	0	0.0	-0.0222	0.0056	0
grpo	4	1	0.0029	0.0097	0.0079	0
grpo	4	2	0.025	-0.0145	0.023	0
grpo	4	3	0.0	0.0406	0.0283	0
grpo	4	4	0.0444	0.0468	0.0358	0
grpo	4	5	0.0535	0.057	0.047	0
grpo	4	6	0.0049	0.0908	0.0603	0
grpo	4	7	0.0	0.0785	0.0644	0
grpo	4	8	0.0085	0.0775	0.0748	0
grpo	4	9	0.0	0.1081	0.0865	0
grpo	4	10	0.0304	0.1026	0.0956	0
grpo	4	11	0.0221	0.0939	0.105	0
grpo	4	12	0.0	0.1469	0.1063	0
grpo	4	13	0.0287	0.1264	0.1142	0
grpo	4	14	0.0187	0.1374	0.1196	0
grpo	4	15	0.0	0.1861	0.1374	0
grpo	4	16	0.0009	0.1862	0.1366	0
grpo	4	17	0.0274	0.1643	0.1443	0
grpo	4	18	0.0258	0.187	0.152	0
grpo	4	19	0.0	0.2046	0.1561	0
grpo	4	20	0.0486	0.2022	0.1636	0
grpo	4	21	0.0099	0.2426	0.163	0
grpo	4	22	0.0072	0.2057	0.1723	0
grpo	4	23	0.0458	0.2022	0.1842	0
grpo	4	24	0.0324	0.2005	0.1865	0
grpo	4	25	0.0728	0.2289	0.1895	0
grpo	4	26	0.0174	0.2405	0.201	0
grpo	4	27	0.0592	0.2196	0.2104	0
grpo	4	28	0.0826	0.2835	0.2066	0
grpo	4	29	0.1281	0.3162	0.2152	0
grpo	4	30	0.1309	0.2849	0.2219	0
grpo	4	31	0.1771	0.2565	0.226	0
grpo	4	32	0.1008	0.3067	0.2274	0
grpo	4	33	0.1524	0.2757	0.2356	0
grpo	4	34	0.1826	0.2615	0.2373	0
grpo	4	35	0.1526	0.2952	0.2444	0
grpo	4	36	0.2153	0.3016	0.2459	0
grpo	4	37	0.164	0.2973	0.2472	0
grpo	4	38	0.2784	0.3291	0.2609	0
grpo	4	39	0.2844	0.2501	0.2563	0
grpo	4	40	0.2898	0.2726	0.2647	0
grpo	4	41	0.3126	0.335	0.2649	0
grpo	4	42	0.3232	0.3183	0.2727	0
grpo	4	43	0.385	0.2931	0.2748	0
grpo	4	44	0.4211	0.3129	0.286	0
grpo	4	45	0.4266	0.3086	0.2801	0
grpo	4	46	0.4428	0.2946	0.2848	0
grpo	4	47	0.4811	0.2881	0.2854	0
grpo	4	48	0.5147	0.2653	0.2902	0
grpo	4	49	0.6239	0.3108	0.2932	0
grpo	4	50	0.6071	0.3455	0.2935	0
grpo	4	51	0.5835	0.3517	0.3029	0
grpo	4	52	0.6505	0.3047	0.3038	0
grpo	4	53	0.6533	0.3465	0.3091	0
grpo	4	54	0.6414	0.3684	0.3101	0
grpo	4	55	0.7486	0.3421	0.3137	0
grpo	4	56	0.6553	0.3729	0.3129	0
grpo	4	57	0.6922	0.3166	0.3119	0
grpo	4	58	0.7422	0.3482	0.3186	0
grpo	4	59	0.7719	0.3126	0.323	0
grpo	4	60	0.7267	0.3686	0.3248	0
grpo	4	61	0.7648	0.3194	0.3291	0
grpo	4	62	0.821	0.3646	0.327	0
grpo	4	63	0.7503	0.3408	0.3318	0
grpo	4	64	0.8054	0.3137	0.3303	0
grpo	4	65	0.8456	0.359	0.3368	0
grpo	4	66	0.8212	0.3192	0.3379	0
grpo	4	67	0.9152	0.3889	0.3432	0
grpo	4	68	0.8677	0.358	0.345	0
grpo	4	69	0.8509	0.3733	0.3462	0
grpo	4	70	0.8888	0.366	0.3482	0
grpo	4	71	0.808	0.4156	0.345	0
grpo	4	72	0.8835	0.3888	0.3436	0
grpo	4	73	0.8567	0.3871	0.353	0
grpo	4	74	0.8912	0.3353	0.3552	0
grpo	4	75	0.8433	0.3953	0.3526	0
grpo	4	76	0.9047	0.37	0.354	0
grpo	4	77	0.8703	0.3886	0.3587	0
grpo	4	78	0.8605	0.3699	0.3602	0
grpo	4	79	0.8685	0.4144	0.358	0
grpo	4	80	0.885	0.3414	0.3632	0
grpo	4	81	0.9306	0.3863	0.3687	0
grpo	4	82	0.8673	0.3832	0.3632	0
grpo	4	83	0.8531	0.3591	0.3722	0
grpo	4	84	0.8678	0.4112	0.3648	0
grpo	4	85	0.8673	0.3745	0.3728	0
grpo	4	86	0.9238	0.3557	0.3711	0
grpo	4	87	0.8959	0.3703	0.3677	0
grpo	4	88	0.8866	0.3552	0.373	0
grpo	4	89	0.888	0.37	0.374	0
grpo	4	90	0.8793	0.399	0.3706	0
grpo	4	91	0.8911	0.3919	0.375	0
grpo	4	92	0.9376	0.3645	0.3781	0
grpo	4	93	0.9328	0.3811	0.3784	0
grpo	4	94	0.901	0.384	0.3817	0
grpo	4	95	0.86	0.3789	0.3764	0
grpo	4	96	0.8618	0.3887	0.3829	0
grpo	4	97	0.9102	0.3845	0.3791	0
grpo	4	98	0.896	0.3617	0.3816	0
grpo	4	99	0.8561	0.3948	0.384	0
cppo	0	0	0.0166	0.0423	0.0005	0
cppo	0	1	0.0036	0.0724	0.0063	0
cppo	0	2	0.0	0.0311	0.021	0
cppo	0	3	0.0	0.0815	0.0266	0
cppo	0	4	0.0	0.0812	0.0427	0
cppo	0	5	0.0082	0.0806	0.0478	0
cppo	0	6	0.0057	0.0763	0.0634	0
cppo	0	7	0.0	0.1007	0.0759	0
cppo	0	8	0.0	0.0832	0.0746	0
cppo	0	9	0.0467	0.144	0.0908	0
cppo	0	10	0.0128	0.129	0.0958	0
cppo	0	11	0.0173	0.1449	0.1033	0
cppo	0	12	0.0	0.12	0.1104	0
cppo	0	13	0.0186	0.1311	0.1223	0
cppo	0	14	0.0	0.1578	0.1292	0
cppo	0	15	0.0	0.1557	0.1362	0
cppo	0	16	0.0	0.1762	0.1428	0
cppo	0	17	0.0658	0.1684	0.1482	0
cppo	0	18	0.0262	0.2284	0.1548	0
cppo	0	19	0.0492	0.1948	0.163	0
cppo	0	20	0.0082	0.1517	0.1697	0
cppo	0	21	0.0	0.2303	0.1763	0
cppo	0	22	0.0003	0.2029	0.1852	0
cppo	0	23	0.0	0.1971	0.1887	0
cppo	0	24	0.0	0.2499	0.1945	0
cppo	0	25	0.0	0.2325	0.1993	0
cppo	0	26	0.0454	0.2429	0.207	0
cppo	0	27	0.0	0.2347	0.2177	0
cppo	0	28	0.0	0.2427	0.2165	0
cppo	0	29	0.0396	0.2763	0.2232	0
cppo	0	30	0.0	0.2659	0.2296	0
cppo	0	31	0.0542	0.2567	0.2346	0
cppo	0	32	0.0	0.3001	0.2402	0
cppo	0	33	0.0	0.3205	0.2418	0
cppo	0	34	0.0438	0.2804	0.2477	0
cppo	0	35	0.0009	0.2864	0.2517	0
cppo	0	36	0.0221	0.2809	0.2526	0
cppo	0	37	0.0	0.3001	0.2647	0
cppo	0	38	0.037	0.3141	0.2684	0
cppo	0	39	0.0773	0.3332	0.2673	0
cppo	0	40	0.118	0.2808	0.2739	0
cppo	0	41	0.0469	0.3371	0.2838	0
cppo	0	42	0.1366	0.3514	0.2829	0
cppo	0	43	0.0428	0.3082	0.2862	0
cppo	0	44	0.075	0.3468	0.2873	0
cppo	0	45	0.0466	0.2748	0.2918	0
cppo	0	46	0.0858	0.3209	0.2966	0
cppo	0	47	0.0856	0.3857	0.3045	0
cppo	0	48	0.1469	0.3745	0.3022	0
cppo	0	49	0.1318	0.3593	0.3053	0
cppo	0	50	0.1959	0.3779	0.3115	0
cppo	0	51	0.1295	0.3476	0.3115	0
cppo	0	52	0.1383	0.3598	0.3177	0
cppo	0	53	0.1606	0.3621	0.3147	0
cppo	0	54	0.244	0.362	0.3183	0
cppo	0	55	0.2272	0.3708	0.3274	0
cppo	0	56	0.2794	0.4073	0.33	0
cppo	0	57	0.285	0.3633	0.3254	0
cppo	0	58	0.2712	0.3665	0.3336	0
cppo	0	59	0.3106	0.3568	0.3365	0
cppo	0	60	0.3318	0.3734	0.3361	0
cppo	0	61	0.2928	0.4187	0.3392	0
cppo	0	62	0.3771	0.3966	0.34	0
cppo	0	63	0.4054	0.3925	0.3439	0
cppo	0	64	0.4419	0.334	0.3555	0
cppo	0	65	0.438	0.4093	0.3485	0
cppo	0	66	0.5286	0.4402	0.3521	0
cppo	0	67	0.5663	0.3558	0.349	0
cppo	0	68	0.4616	0.3913	0.3572	0
cppo	0	69	0.4859	0.3575	0.3627	0
cppo	0	70	0.5528	0.3883	0.3657	0
cppo	0	71	0.5835	0.4323	0.3596	0
cppo	0	72	0.6349	0.3787	0.3589	0
cppo	0	73	0.6663	0.381	0.3653	0
cppo	0	74	0.6084	0.3967	0.3623	0
cppo	0	75	0.6691	0.4117	0.3686	0
cppo	0	76	0.6719	0.3569	0.3691	0
cppo	0	77	0.691	0.4078	0.3686	0
cppo	0	78	0.7135	0.4338	0.37	0
cppo	0	79	0.7061	0.4085	0.375	0
cppo	0	80	0.6966	0.3916	0.3713	0
cppo	0	81	0.7344	0.3657	0.3759	0
cppo	0	82	0.6977	0.3941	0.3783	0
cppo	0	83	0.6721	0.4061	0.3767	0
cppo	0	84	0.713	0.3989	0.3768	0
cppo	0	85	0.7337	0.4195	0.3806	0
cppo	0	86	0.7586	0.4382	0.3844	0
cppo	0	87	0.7798	0.4588	0.3898	0
cppo	0	88	0.7609	0.429	0.3815	0
cppo	0	89	0.7816	0.4254	0.3841	0
cppo	0	90	0.8149	0.462	0.387	0
cppo	0	91	0.7392	0.4015	0.3867	0
cppo	0	92	0.7192	0.4332	0.3889	0
cppo	0	93	0.7004	0.3955	0.3907	0
cppo	0	94	0.8353	0.3988	0.3918	0
cppo	0	95	0.7327	0.413	0.3968	0
cppo	0	96	0.7748	0.4148	0.3944	0
cppo	0	97	0.7792	0.4321	0.3925	0
cppo	0	98	0.7127	0.3943	0.3957	0
cppo	0	99	0.7876	0.4631	0.3958	0
cppo	1	0	0.0169	-0.0291	-0.0004	0
cppo	1	1	0.0189	-0.0018	0.0095	0
cppo	1	2	0.0	0.0415	0.0174	0
cppo	1	3	0.0054	0.057	0.0329	0
cppo	1	4	0.0	0.0344	0.0385	0
cppo	1	5	0.0	0.0815	0.0556	0
cppo	1	6	0.0	0.0987	0.0598	0
cppo	1	7	0.0	0.1108	0.0681	0
cppo	1	8	0.0	0.1162	0.0771	0
cppo	1	9	0.0	0.0827	0.0821	0
cppo	1	10	0.0084	0.1289	0.0966	0
cppo	1	11	0.0	0.1597	0.1041	0
cppo	1	12	0.0	0.173	0.109	0
cppo	1	13	0.0	0.1214	0.1184	0
cppo	1	14	0.0	0.1773	0.1302	0
cppo	1	15	0.0153	0.1513	0.1372	0
cppo	1	16	0.0089	0.1677	0.1465	0
cppo	1	17	0.0	0.1714	0.1522	0
cppo	1	18	0.0157	0.1519	0.1557	0
cppo	1	19	0.0	0.1778	0.162	0
cppo	1	20	0.0	0.2059	0.1703	0
cppo	1	21	0.0267	0.2153	0.1791	0
cppo	1	22	0.0	0.2096	0.182	0
cppo	1	23	0.0522	0.2656	0.1897	0
cppo	1	24	0.0	0.2473	0.1919	0
cppo	1	25	0.0	0.2675	0.2027	0
cppo	1	26	0.0	0.27	0.2083	0
cppo	1	27	0.0487	0.2773	0.2143	0
cppo	1	28	0.0	0.2669	0.2132	0
cppo	1	29	0.0	0.2826	0.2223	0
cppo	1	30	0.0219	0.2948	0.2274	0
cppo	1	31	0.0231	0.276	0.2367	0
cppo	1	32	0.0265	0.2828	0.241	0
cppo	1	33	0.0319	0.3256	0.2396	0
cppo	1	34	0.0	0.3069	0.2498	0
cppo	1	35	0.0145	0.3001	0.2508	0
cppo	1	36	0.0356	0.3057	0.262	0
cppo	1	37	0.0	0.2821	0.2604	0
cppo	1	38	0.0275	0.2801	0.2646	0
cppo	1	39	0.0712	0.3132	0.2697	0
cppo	1	40	0.0381	0.2964	0.2723	0
cppo	1	41	0.0561	0.337	0.2787	0
cppo	1	42	0.0624	0.3161	0.2845	0
cppo	1	43	0.0757	0.3131	0.2858	0
cppo	1	44	0.0777	0.3319	0.2908	0
cppo	1	45	0.0748	0.3167	0.2895	0
cppo	1	46	0.0607	0.3395	0.2936	0
cppo	1	47	0.0844	0.3757	0.2922	0
cppo	1	48	0.0844	0.3801	0.3073	0
cppo	1	49	0.1021	0.3567	0.3105	0
cppo	1	50	0.1692	0.3669	0.313	0
cppo	1	51	0.2376	0.3775	0.3168	0
cppo	1	52	0.2038	0.2946	0.3157	0
cppo	1	53	0.1819	0.3565	0.3188	0
cppo	1	54	0.2391	0.3818	0.3161	0
cppo	1	55	0.2802	0.3669	0.3274	0
cppo	1	56	0.204	0.4015	0.3306	0
cppo	1	57	0.2571	0.3865	0.3253	0
cppo	1	58	0.2803	0.3704	0.3291	0
cppo	1	59	0.2955	0.397	0.3313	0
cppo	1	60	0.3307	0.3492	0.3338	0
cppo	1	61	0.35	0.3951	0.3382	0
cppo	1	62	0.3473	0.3848	0.3405	0
cppo	1	63	0.4512	0.3983	0.3486	0
cppo	1	64	0.4451	0.3626	0.3457	0
cppo	1	65	0.4891	0.3911	0.3393	0
cppo	1	66	0.5107	0.3358	0.3558	0
cppo	1	67	0.5516	0.4109	0.3499	0
cppo	1	68	0.4811	0.3877	0.354	0
cppo	1	69	0.51	0.3815	0.355	0
cppo	1	70	0.5555	0.3994	0.3552	0
cppo	1	71	0.6157	0.409	0.3586	0
cppo	1	72	0.6114	0.4131	0.3643	0
cppo	1	73	0.5995	0.3773	0.3661	0
cppo	1	74	0.6428	0.3887	0.3656	0
cppo	1	75	0.68	0.3431	0.3658	0
cppo	1	76	0.723	0.3596	0.366	0
cppo	1	77	0.6844	0.3945	0.3673	0
cppo	1	78	0.7221	0.4266	0.3681	0
cppo	1	79	0.6963	0.3669	0.3705	0
cppo	1	80	0.7264	0.3864	0.3736	0
cppo	1	81	0.6911	0.43	0.3763	0
cppo	1	82	0.7454	0.4104	0.3808	0
cppo	1	83	0.7741	0.3783	0.3759	0
cppo	1	84	0.7571	0.3956	0.3792	0
cppo	1	85	0.7388	0.4421	0.3815	0
cppo	1	86	0.7096	0.4559	0.3797	0
cppo	1	87	0.7685	0.3868	0.386	0
cppo	1	88	0.7417	0.4405	0.3871	0
cppo	1	89	0.7839	0.4567	0.3828	0
cppo	1	90	0.7443	0.4012	0.3876	0
cppo	1	91	0.7531	0.4634	0.3827	0
cppo	1	92	0.8093	0.4196	0.389	0
cppo	1	93	0.7555	0.4192	0.3852	0
cppo	1	94	0.8477	0.3968	0.3909	0
cppo	1	95	0.7888	0.4381	0.3944	0
cppo	1	96	0.7953	0.3482	0.4008	0
cppo	1	97	0.782	0.4401	0.3944	0
cppo	1	98	0.8051	0.4461	0.3964	0
cppo	1	99	0.7522	0.4071	0.3947	0
cppo	2	0	0.0741	0.0104	-0.0021	0
cppo	2	1	0.0	-0.01	0.0123	0
cppo	2	2	0.0001	0.0149	0.0264	0
cppo	2	3	0.0143	0.02	0.0371	0
cppo	2	4	0.0042	0.0633	0.0409	0
cppo	2	5	0.0374	0.0412	0.0525	0
cppo	2	6	0.0	0.1014	0.0602	0
cppo	2	7	0.0	0.0884	0.0718	0
cppo	2	8	0.0	0.1348	0.0743	0
cppo	2	9	0.0113	0.1239	0.0853	0
cppo	2	10	0.0257	0.146	0.0934	0
cppo	2	11	0.0	0.1187	0.1028	0
cppo	2	12	0.0136	0.1103	0.1074	0
cppo	2	13	0.0	0.2078	0.1229	0
cppo	2	14	0.01	0.11	0.1293	0
cppo	2	15	0.0229	0.1541	0.1363	0
cppo	2	16	0.0	0.1901	0.137	0
cppo	2	17	0.0	0.1834	0.153	0
cppo	2	18	0.0	0.1598	0.1519	0
cppo	2	19	0.0033	0.2034	0.1633	0
cppo	2	20	0.005	0.2038	0.1714	0
cppo	2	21	0.0	0.2508	0.1782	0
cppo	2	22	0.0	0.2197	0.1795	0
cppo	2	23	0.0452	0.2393	0.1876	0
cppo	2	24	0.0	0.2627	0.1929	0
cppo	2	25	0.0205	0.2661	0.1975	0
cppo	2	26	0.0	0.2511	0.2044	0
cppo	2	27	0.0181	0.3104	0.208	0
cppo	2	28	0.0444	0.2522	0.2179	0
cppo	2	29	0.059	0.2601	0.2199	0
cppo	2	30	0.0282	0.279	0.2291	0
cppo	2	31	0.0112	0.2666	0.2312	0
cppo	2	32	0.0171	0.2502	0.241	0
cppo	2	33	0.0079	0.3069	0.2398	0
cppo	2	34	0.0552	0.3223	0.247	0
cppo	2	35	0.0408	0.2937	0.256	0
cppo	2	36	0.0387	0.3529	0.2473	0
cppo	2	37	0.0304	0.2686	0.2637	0
cppo	2	38	0.0434	0.3429	0.2705	0
cppo	2	39	0.0	0.338	0.2728	0
cppo	2	40	0.0387	0.353	0.2709	0
cppo	2	41	0.064	0.3084	0.2797	0
cppo	2	42	0.0766	0.331	0.2839	0
cppo	2	43	0.0909	0.337	0.2859	0
cppo	2	44	0.1086	0.3442	0.2903	0
cppo	2	45	0.118	0.3839	0.2933	0
cppo	2	46	0.091	0.3364	0.2988	0
cppo	2	47	0.1238	0.3268	0.2984	0
cppo	2	48	0.1199	0.3296	0.3054	0
cppo	2	49	0.0987	0.3628	0.306	0
cppo	2	50	0.1474	0.3767	0.3097	0
cppo	2	51	0.127	0.3593	0.3124	0
cppo	2	52	0.1635	0.3699	0.3184	0
cppo	2	53	0.1688	0.3368	0.3202	0
cppo	2	54	0.1914	0.3481	0.3168	0
cppo	2	55	0.2553	0.4094	0.3198	0
cppo	2	56	0.2659	0.3403	0.3215	0
cppo	2	57	0.229	0.3212	0.3277	0
cppo	2	58	0.3273	0.3733	0.3338	0
cppo	2	59	0.2973	0.3663	0.3298	0
cppo	2	60	0.3725	0.365	0.3421	0
cppo	2	61	0.3899	0.4319	0.3359	0
cppo	2	62	0.386	0.3633	0.3382	0
cppo	2	63	0.3659	0.3515	0.3387	0
cppo	2	64	0.4069	0.3286	0.3455	0
cppo	2	65	0.4785	0.397	0.3483	0
cppo	2	66	0.4747	0.3791	0.3443	0
cppo	2	67	0.4911	0.3944	0.3561	0
cppo	2	68	0.5379	0.3489	0.353	0
cppo	2	69	0.5014	0.3553	0.3566	0
cppo	2	70	0.5958	0.4215	0.3563	0
cppo	2	71	0.6296	0.3828	0.3594	0
cppo	2	72	0.63	0.3946	0.3656	0
cppo	2	73	0.6511	0.3927	0.3614	0
cppo	2	74	0.6655	0.4372	0.3698	0
cppo	2	75	0.5685	0.4081	0.3644	0
cppo	2	76	0.6687	0.4211	0.3701	0
cppo	2	77	0.6564	0.4197	0.3694	0
cppo	2	78	0.73	0.4037	0.3675	0
cppo	2	79	0.6978	0.4118	0.3764	0
cppo	2	80	0.6835	0.4011	0.3753	0
cppo	2	81	0.7321	0.4225	0.372	0
cppo	2	82	0.7068	0.4019	0.3743	0
cppo	2	83	0.7333	0.399	0.3816	0
cppo	2	84	0.7504	0.4153	0.3774	0
cppo	2	85	0.7802	0.4231	0.3812	0
cppo	2	86	0.6917	0.4533	0.3824	0
cppo	2	87	0.7203	0.42	0.3856	0
cppo	2	88	0.7853	0.4246	0.3859	0
cppo	2	89	0.6826	0.4162	0.3852	0
cppo	2	90	0.8332	0.4073	0.3865	0
cppo	2	91	0.7238	0.3941	0.3877	0
cppo	2	92	0.7369	0.4161	0.3938	0
cppo	2	93	0.7968	0.4174	0.3867	0
cppo	2	94	0.7576	0.4403	0.3907	0
cppo	2	95	0.7614	0.4178	0.3898	0
cppo	2	96	0.7643	0.3985	0.392	0
cppo	2	97	0.7589	0.3859	0.3926	0
cppo	2	98	0.8024	0.4587	0.3943	0
cppo	2	99	0.7503	0.3938	0.3978	0
cppo	3	0	0.0327	0.0368	-0.0006	0
cppo	3	1	0.0	0.0495	0.0126	0
cppo	3	2	0.0021	0.0265	0.0216	0
cppo	3	3	0.0	0.0153	0.0354	0
cppo	3	4	0.0242	0.0647	0.0397	0
cppo	3	5	0.0	0.0855	0.0543	0
cppo	3	6	0.0157	0.0785	0.0557	0
cppo	3	7	0.0535	0.1038	0.0652	0
cppo	3	8	0.0	0.1261	0.0794	0
cppo	3	9	0.0	0.1048	0.0883	0
cppo	3	10	0.0012	0.1169	0.0994	0
cppo	3	11	0.0	0.108	0.1101	0
cppo	3	12	0.0109	0.1573	0.111	0
cppo	3	13	0.0179	0.1665	0.1217	0
cppo	3	14	0.0262	0.1669	0.1255	0
cppo	3	15	0.0136	0.1359	0.1362	0
cppo	3	16	0.0565	0.1919	0.1423	0
cppo	3	17	0.0273	0.2276	0.1478	0
cppo	3	18	0.0	0.1939	0.1523	0
cppo	3	19	0.0	0.2142	0.1611	0
cppo	3	20	0.0055	0.2328	0.1717	0
cppo	3	21	0.0	0.2766	0.1852	0
cppo	3	22	0.0156	0.2489	0.1831	0
cppo	3	23	0.0	0.2095	0.1879	0
cppo	3	24	0.0	0.2482	0.1937	0
cppo	3	25	0.0205	0.2781	0.2016	0
cppo	3	26	0.0	0.2428	0.2086	0
cppo	3	27	0.0	0.2918	0.2082	0
cppo	3	28	0.0	0.2711	0.2177	0
cppo	3	29	0.0626	0.2635	0.2211	0
cppo	3	30	0.0	0.2709	0.2364	0
cppo	3	31	0.0517	0.2985	0.2318	0
cppo	3	32	0.0	0.2615	0.2362	0
cppo	3	33	0.0	0.2989	0.2449	0
cppo	3	34	0.0355	0.3226	0.2511	0
cppo	3	35	0.0156	0.2949	0.2543	0
cppo	3	36	0.0186	0.2667	0.2621	0
cppo	3	37	0.0353	0.3432	0.2626	0
cppo	3	38	0.1324	0.3021	0.2658	0
cppo	3	39	0.0489	0.2953	0.2694	0
cppo	3	40	0.0797	0.3736	0.2745	0
cppo	3	41	0.0639	0.321	0.28	0
cppo	3	42	0.1409	0.3593	0.2813	0
cppo	3	43	0.0829	0.3553	0.2835	0
cppo	3	44	0.0406	0.3466	0.2858	0
cppo	3	45	0.0999	0.3535	0.2899	0
cppo	3	46	0.0739	0.3282	0.3011	0
cppo	3	47	0.1445	0.3797	0.2964	0
cppo	3	48	0.0734	0.3717	0.3021	0
cppo	3	49	0.1802	0.353	0.3103	0
cppo	3	50	0.1806	0.3503	0.3094	0
cppo	3	51	0.1113	0.3698	0.3127	0
cppo	3	52	0.1895	0.3293	0.3126	0
cppo	3	53	0.1657	0.4083	0.32	0
cppo	3	54	0.1608	0.3731	0.325	0
cppo	3	55	0.2396	0.3416	0.3267	0
cppo	3	56	0.2167	0.3613	0.3313	0
cppo	3	57	0.2522	0.3578	0.3307	0
cppo	3	58	0.2262	0.3161	0.3343	0
cppo	3	59	0.2896	0.3785	0.3397	0
cppo	3	60	0.3061	0.4239	0.3332	0
cppo	3	61	0.3421	0.4002	0.3391	0
cppo	3	62	0.4146	0.3823	0.3416	0
cppo	3	63	0.3889	0.3549	0.3454	0
cppo	3	64	0.432	0.3741	0.3488	0
cppo	3	65	0.4679	0.3453	0.348	0
cppo	3	66	0.4283	0.394	0.3497	0
cppo	3	67	0.471	0.3746	0.3514	0
cppo	3	68	0.5315	0.3971	0.3544	0
cppo	3	69	0.5408	0.398	0.3636	0
cppo	3	70	0.5493	0.3852	0.36	0
cppo	3	71	0.5542	0.3719	0.3561	0
cppo	3	72	0.638	0.3993	0.3634	0
cppo	3	73	0.5992	0.3546	0.362	0
cppo	3	74	0.6203	0.4303	0.3649	0
cppo	3	75	0.6465	0.33	0.3637	0
cppo	3	76	0.6634	0.4272	0.3649	0
cppo	3	77	0.7011	0.4111	0.3697	0
cppo	3	78	0.6601	0.3972	0.369	0
cppo	3	79	0.7228	0.3736	0.3776	0
cppo	3	80	0.6614	0.4618	0.3722	0
cppo	3	81	0.7334	0.4369	0.3787	0
cppo	3	82	0.74	0.4049	0.377	0
cppo	3	83	0.6941	0.3968	0.3779	0
cppo	3	84	0.7496	0.4456	0.3823	0
cppo	3	85	0.7687	0.4444	0.3769	0
cppo	3	86	0.7793	0.4107	0.3838	0
cppo	3	87	0.7962	0.3797	0.3818	0
cppo	3	88	0.718	0.4378	0.386	0
cppo	3	89	0.7575	0.437	0.3864	0
cppo	3	90	0.7413	0.4231	0.3882	0
cppo	3	91	0.7514	0.4109	0.3868	0
cppo	3	92	0.7871	0.4227	0.3906	0
cppo	3	93	0.79	0.4476	0.3911	0
cppo	3	94	0.7296	0.4522	0.3929	0
cppo	3	95	0.7479	0.4424	0.392	0
cppo	3	96	0.728	0.4487	0.3904	0
cppo	3	97	0.8225	0.3926	0.3993	0
cppo	3	98	0.7761	0.4545	0.3982	0
cppo	3	99	0.7689	0.3855	0.3939	0
cppo	4	0	0.0	0.0296	0.0052	0
cppo	4	1	0.0	-0.0057	0.0139	0
cppo	4	2	0.0271	0.0271	0.0232	0
cppo	4	3	0.039	0.0277	0.0381	0
cppo	4	4	0.0	0.0593	0.0351	0
cppo	4	5	0.0	0.0344	0.053	0
cppo	4	6	0.0115	0.0922	0.0596	0
cppo	4	7	0.0106	0.1028	0.0697	0
cppo	4	8	0.0	0.1172	0.0768	0
cppo	4	9	0.0019	0.1161	0.0883	0
cppo	4	10	0.0237	0.1369	0.0951	0
cppo	4	11	0.0	0.1042	0.1052	0
cppo	4	12	0.0071	0.1491	0.1112	0
cppo	4	13	0.0072	0.1788	0.1187	0
cppo	4	14	0.0	0.1428	0.1306	0
cppo	4	15	0.0	0.1723	0.135	0
cppo	4	16	0.0062	0.2364	0.1433	0
cppo	4	17	0.0	0.1532	0.1545	0
cppo	4	18	0.0184	0.1548	0.1539	0
cppo	4	19	0.0	0.1831	0.1646	0
cppo	4	20	0.0101	0.1949	0.1711	0
cppo	4	21	0.0	0.2122	0.178	0
cppo	4	22	0.0265	0.2567	0.1796	0
cppo	4	23	0.0188	0.2177	0.1843	0
cppo	4	24	0.0	0.2711	0.1921	0
cppo	4	25	0.0274	0.2713	0.2016	0
cppo	4	26	0.0	0.271	0.2093	0
cppo	4	27	0.0335	0.2938	0.2154	0
cppo	4	28	0.0226	0.2836	0.2238	0
cppo	4	29	0.0486	0.2567	0.2285	0
cppo	4	30	0.0	0.2964	0.2273	0
cppo	4	31	0.0	0.2801	0.2389	0
cppo	4	32	0.0049	0.3441	0.2332	0
cppo	4	33	0.0161	0.2929	0.2369	0
cppo	4	34	0.0	0.3336	0.2451	0
cppo	4	35	0.0383	0.2812	0.2569	0
cppo	4	36	0.0267	0.3056	0.2551	0
cppo	4	37	0.0446	0.3248	0.2576	0
cppo	4	38	0.1081	0.3625	0.2643	0
cppo	4	39	0.0657	0.2889	0.2634	0
cppo	4	40	0.0289	0.3234	0.2741	0
cppo	4	41	0.0717	0.3699	0.2787	0
cppo	4	42	0.037	0.3319	0.2852	0
cppo	4	43	0.0842	0.3332	0.2844	0
cppo	4	44	0.0787	0.3276	0.2888	0
cppo	4	45	0.0974	0.3353	0.2879	0
cppo	4	46	0.0664	0.3591	0.2989	0
cppo	4	47	0.1231	0.3399	0.2951	0
cppo	4	48	0.0779	0.3586	0.3047	0
cppo	4	49	0.1247	0.3736	0.3105	0
cppo	4	50	0.1489	0.4026	0.3032	0
cppo	4	51	0.1105	0.3625	0.3141	0
cppo	4	52	0.1845	0.3374	0.3234	0
cppo	4	53	0.1794	0.3392	0.319	0
cppo	4	54	0.1601	0.3779	0.3216	0
cppo	4	55	0.2162	0.3609	0.328	0
cppo	4	56	0.2013	0.3562	0.3258	0
cppo	4	57	0.276	0.3644	0.3266	0
cppo	4	58	0.262	0.4133	0.3359	0
cppo	4	59	0.3236	0.3485	0.3343	0
cppo	4	60	0.3518	0.3838	0.3283	0
cppo	4	61	0.3408	0.3863	0.334	0
cppo	4	62	0.422	0.3839	0.3433	0
cppo	4	63	0.4185	0.3864	0.3428	0
cppo	4	64	0.471	0.3637	0.347	0
cppo	4	65	0.4718	0.3433	0.3468	0
cppo	4	66	0.4833	0.4047	0.3526	0
cppo	4	67	0.4878	0.4252	0.3519	0
cppo	4	68	0.5298	0.4321	0.3568	0
cppo	4	69	0.5657	0.3566	0.3554	0
cppo	4	70	0.5691	0.4099	0.3525	0
cppo	4	71	0.5835	0.3947	0.3587	0
cppo	4	72	0.6233	0.4442	0.362	0
cppo	4	73	0.6865	0.3676	0.3675	0
cppo	4	74	0.6343	0.383	0.3672	0
cppo	4	75	0.6581	0.4192	0.3626	0
cppo	4	76	0.6385	0.4346	0.3679	0
cppo	4	77	0.6427	0.3905	0.3731	0
cppo	4	78	0.6674	0.3814	0.3734	0
cppo	4	79	0.7287	0.4067	0.3707	0
cppo	4	80	0.7091	0.4135	0.3737	0
cppo	4	81	0.6833	0.4209	0.376	0
cppo	4	82	0.6871	0.4026	0.3744	0
cppo	4	83	0.6802	0.3559	0.3766	0
cppo	4	84	0.7275	0.4697	0.3794	0
cppo	4	85	0.7344	0.4148	0.3804	0
cppo	4	86	0.7405	0.3728	0.3803	0
cppo	4	87	0.6882	0.4363	0.3788	0
cppo	4	88	0.7268	0.4275	0.3841	0
cppo	4	89	0.7936	0.4177	0.383	0
cppo	4	90	0.73	0.4206	0.3836	0
cppo	4	91	0.7514	0.3451	0.3832	0
cppo	4	92	0.7243	0.4036	0.3875	0
cppo	4	93	0.7676	0.4421	0.3908	0
cppo	4	94	0.7522	0.3935	0.3972	0
cppo	4	95	0.7342	0.4402	0.3898	0
cppo	4	96	0.7579	0.3911	0.3929	0
cppo	4	97	0.7374	0.4211	0.3975	0
cppo	4	98	0.8117	0.4225	0.4052	0
cppo	4	99	0.7856	0.4228	0.3986	0
ngrpo	0	0	0.0	-0.0256	0.0003	0
ngrpo	0	1	0.0075	0.0038	0.0109	0
ngrpo	0	2	0.0175	-0.0036	0.0162	0
ngrpo	0	3	0.0353	0.0591	0.0345	0
ngrpo	0	4	0.0007	0.0263	0.04	0
ngrpo	0	5	0.0	0.0571	0.0503	0
ngrpo	0	6	0.0	0.1028	0.061	0
ngrpo	0	7	0.0403	0.086	0.0724	0
ngrpo	0	8	0.0	0.0814	0.075	0
ngrpo	0	9	0.0358	0.0888	0.0869	0
ngrpo	0	10	0.0	0.1036	0.0901	0
ngrpo	0	11	0.0	0.1423	0.1033	0
ngrpo	0	12	0.0	0.1558	0.1072	0
ngrpo	0	13	0.0254	0.1513	0.1173	0
ngrpo	0	14	0.0	0.1208	0.1262	0
ngrpo	0	15	0.0211	0.1587	0.1341	0
ngrpo	0	16	0.0	0.1512	0.1423	0
ngrpo	0	17	0.0	0.1626	0.1438	0
ngrpo	0	18	0.066	0.1985	0.1503	0
ngrpo	0	19	0.0143	0.2065	0.1624	0
ngrpo	0	20	0.026	0.1832	0.1629	0
ngrpo	0	21	0.0162	0.2369	0.1814	0
ngrpo	0	22	0.0252	0.2325	0.1862	0
ngrpo	0	23	0.044	0.2367	0.1899	0
ngrpo	0	24	0.0	0.2294	0.1943	0
ngrpo	0	25	0.0047	0.2668	0.201	0
ngrpo	0	26	0.0223	0.2067	0.2059	0
ngrpo	0	27	0.0	0.2549	0.2123	0
ngrpo	0	28	0.0026	0.2959	0.2173	0
ngrpo	0	29	0.033	0.2661	0.2174	0
ngrpo	0	30	0.0381	0.2808	0.2216	0
ngrpo	0	31	0.0541	0.2796	0.2367	0
ngrpo	0	32	0.0232	0.2671	0.2396	0
ngrpo	0	33	0.0097	0.3082	0.2447	0
ngrpo	0	34	0.0	0.2907	0.2435	0
ngrpo	0	35	0.0304	0.2961	0.2446	0
ngrpo	0	36	0.0626	0.292	0.2493	0
ngrpo	0	37	0.0661	0.3215	0.26	0
ngrpo	0	38	0.0381	0.3134	0.264	0
ngrpo	0	39	0.0412	0.3465	0.2637	0
ngrpo	0	40	0.0925	0.2806	0.2767	0
ngrpo	0	41	0.0749	0.2953	0.2713	0
ngrpo	0	42	0.0433	0.3582	0.2747	0
ngrpo	0	43	0.1037	0.2873	0.2856	0
ngrpo	0	44	0.0279	0.3287	0.279	0
ngrpo	0	45	0.1599	0.3542	0.2877	0
ngrpo	0	46	0.1271	0.3301	0.2964	0
ngrpo	0	47	0.1327	0.2913	0.2936	0
ngrpo	0	48	0.0972	0.3423	0.3002	0
ngrpo	0	49	0.1727	0.3134	0.2985	0
ngrpo	0	50	0.1254	0.333	0.3016	0
ngrpo	0	51	0.1906	0.3432	0.313	0
ngrpo	0	52	0.1968	0.3149	0.3087	0
ngrpo	0	53	0.2594	0.374	0.3215	0
ngrpo	0	54	0.2645	0.4162	0.3147	0
ngrpo	0	55	0.2483	0.3465	0.3181	0
ngrpo	0	56	0.2961	0.389	0.3237	0
ngrpo	0	57	0.3119	0.357	0.322	0
ngrpo	0	58	0.3335	0.3936	0.3232	0
ngrpo	0	59	0.3317	0.3777	0.3328	0
ngrpo	0	60	0.3728	0.3949	0.3352	0
ngrpo	0	61	0.3997	0.3417	0.3353	0
ngrpo	0	62	0.4406	0.346	0.3394	0
ngrpo	0	63	0.4629	0.3693	0.3445	0
ngrpo	0	64	0.4887	0.3816	0.3379	0
ngrpo	0	65	0.5218	0.3382	0.3448	0
ngrpo	0	66	0.5876	0.404	0.3461	0
ngrpo	0	67	0.5843	0.3736	0.3438	0
ngrpo	0	68	0.6079	0.3992	0.3488	0
ngrpo	0	69	0.542	0.3748	0.3525	0
ngrpo	0	70	0.5854	0.35	0.3472	0
ngrpo	0	71	0.6373	0.3992	0.3547	0
ngrpo	0	72	0.625	0.441	0.3518	0
ngrpo	0	73	0.6115	0.4115	0.3598	0
ngrpo	0	74	0.6632	0.3951	0.3656	0
ngrpo	0	75	0.6746	0.3876	0.359	0
ngrpo	0	76	0.6643	0.3677	0.3639	0
ngrpo	0	77	0.7055	0.367	0.3653	0
ngrpo	0	78	0.6507	0.3636	0.362	0
ngrpo	0	79	0.6305	0.3978	0.3722	0
ngrpo	0	80	0.6793	0.3598	0.3677	0
ngrpo	0	81	0.712	0.3477	0.3611	0
ngrpo	0	82	0.7234	0.4088	0.3693	0
ngrpo	0	83	0.7006	0.4225	0.376	0
ngrpo	0	84	0.738	0.4068	0.365	0
ngrpo	0	85	0.7273	0.4306	0.3756	0
ngrpo	0	86	0.6634	0.3805	0.3789	0
ngrpo	0	87	0.7367	0.4363	0.3752	0
ngrpo	0	88	0.7158	0.3905	0.3786	0
ngrpo	0	89	0.7027	0.3844	0.3802	0
ngrpo	0	90	0.6827	0.4219	0.3844	0
ngrpo	0	91	0.7495	0.43	0.3848	0
ngrpo	0	92	0.7428	0.4098	0.3806	0
ngrpo	0	93	0.7466	0.4067	0.3874	0
ngrpo	0	94	0.7437	0.4267	0.3815	0
ngrpo	0	95	0.7508	0.3916	0.3852	0
ngrpo	0	96	0.7727	0.3857	0.3917	0
ngrpo	0	97	0.7386	0.4337	0.3874	0
ngrpo	0	98	0.7309	0.4068	0.3931	0
ngrpo	0	99	0.755	0.4471	0.3881	0
ngrpo	1	0	0.013	-0.0109	-0.0035	0
ngrpo	1	1	0.0	-0.0574	0.01	0
ngrpo	1	2	0.0	0.0511	0.0212	0
ngrpo	1	3	0.0381	0.0374	0.0338	0
ngrpo	1	4	0.0	0.0615	0.0444	0
ngrpo	1	5	0.0	0.0574	0.0496	0
ngrpo	1	6	0.0	0.0452	0.0606	0
ngrpo	1	7	0.0339	0.1143	0.0715	0
ngrpo	1	8	0.0	0.1015	0.0795	0
ngrpo	1	9	0.0	0.0894	0.0847	0
ngrpo	1	10	0.0073	0.1118	0.1035	0
ngrpo	1	11	0.0052	0.1929	0.1031	0
ngrpo	1	12	0.0457	0.1452	0.1115	0
ngrpo	1	13	0.0	0.1918	0.1183	0
ngrpo	1	14	0.0293	0.1586	0.1295	0
ngrpo	1	15	0.0	0.1765	0.1302	0
ngrpo	1	16	0.0	0.1543	0.1435	0
ngrpo	1	17	0.0	0.2061	0.1476	0
ngrpo	1	18	0.0	0.1898	0.1534	0
ngrpo	1	19	0.0358	0.1689	0.1648	0
ngrpo	1	20	0.0023	0.2081	0.1665	0
ngrpo	1	21	0.0409	0.2668	0.1764	0
ngrpo	1	22	0.0	0.2184	0.1855	0
ngrpo	1	23	0.0059	0.2109	0.1895	0
ngrpo	1	24	0.0235	0.2274	0.1911	0
ngrpo	1	25	0.0442	0.2293	0.2053	0
ngrpo	1	26	0.0034	0.2674	0.2052	0
ngrpo	1	27	0.0566	0.2398	0.2086	0
ngrpo	1	28	0.049	0.225	0.2149	0
ngrpo	1	29	0.0	0.2597	0.2219	0
ngrpo	1	30	0.022	0.3239	0.2267	0
ngrpo	1	31	0.0088	0.2694	0.2346	0
ngrpo	1	32	0.042	0.2544	0.2356	0
ngrpo	1	33	0.0192	0.3145	0.2394	0
ngrpo	1	34	0.0335	0.3006	0.2455	0
ngrpo	1	35	0.0117	0.2993	0.2533	0
ngrpo	1	36	0.0652	0.3072	0.2564	0
ngrpo	1	37	0.0631	0.3381	0.2617	0
ngrpo	1	38	0.0842	0.3213	0.2576	0
ngrpo	1	39	0.0454	0.3155	0.2638	0
ngrpo	1	40	0.0933	0.3321	0.2747	0
ngrpo	1	41	0.0794	0.327	0.275	0
ngrpo	1	42	0.0533	0.3519	0.2777	0
ngrpo	1	43	0.0688	0.3015	0.2864	0
ngrpo	1	44	0.1265	0.3093	0.2832	0
ngrpo	1	45	0.0737	0.3278	0.2858	0
ngrpo	1	46	0.0945	0.3186	0.2907	0
ngrpo	1	47	0.1413	0.3138	0.2983	0
ngrpo	1	48	0.1437	0.3601	0.2986	0
ngrpo	1	49	0.1421	0.3736	0.3023	0
ngrpo	1	50	0.1905	0.3713	0.3048	0
ngrpo	1	51	0.2149	0.362	0.3082	0
ngrpo	1	52	0.205	0.3678	0.3128	0
ngrpo	1	53	0.2179	0.3344	0.3171	0
ngrpo	1	54	0.186	0.3621	0.3187	0
ngrpo	1	55	0.2953	0.3517	0.3204	0
ngrpo	1	56	0.2688	0.3797	0.32	0
ngrpo	1	57	0.2545	0.3947	0.33	0
ngrpo	1	58	0.3366	0.362	0.3261	0
ngrpo	1	59	0.3553	0.4216	0.3265	0
ngrpo	1	60	0.3502	0.3398	0.3306	0
ngrpo	1	61	0.3719	0.4273	0.3323	0
ngrpo	1	62	0.4139	0.4239	0.3332	0
ngrpo	1	63	0.4766	0.388	0.3389	0
ngrpo	1	64	0.4647	0.3853	0.336	0
ngrpo	1	65	0.508	0.3967	0.3429	0
ngrpo	1	66	0.476	0.381	0.3467	0
ngrpo	1	67	0.5308	0.3635	0.3476	0
ngrpo	1	68	0.5397	0.4039	0.3486	0
ngrpo	1	69	0.5463	0.4239	0.3527	0
ngrpo	1	70	0.6293	0.3719	0.3547	0
ngrpo	1	71	0.5694	0.3674	0.3541	0
ngrpo	1	72	0.597	0.3858	0.3569	0
ngrpo	1	73	0.6054	0.3725	0.3568	0
ngrpo	1	74	0.6435	0.3721	0.3647	0
ngrpo	1	75	0.6932	0.3705	0.363	0
ngrpo	1	76	0.6548	0.3876	0.3633	0
ngrpo	1	77	0.6708	0.4329	0.3691	0
ngrpo	1	78	0.7267	0.4097	0.3665	0
ngrpo	1	79	0.6786	0.3782	0.3664	0
ngrpo	1	80	0.6613	0.3641	0.3687	0
ngrpo	1	81	0.7449	0.3934	0.3693	0
ngrpo	1	82	0.6963	0.416	0.3738	0
ngrpo	1	83	0.7153	0.3856	0.3758	0
ngrpo	1	84	0.7562	0.4203	0.3771	0
ngrpo	1	85	0.7156	0.3719	0.3809	0
ngrpo	1	86	0.6937	0.4532	0.379	0
ngrpo	1	87	0.7365	0.4072	0.3799	0
ngrpo	1	88	0.734	0.4241	0.3832	0
ngrpo	1	89	0.7499	0.3946	0.3772	0
ngrpo	1	90	0.7762	0.4426	0.3846	0
ngrpo	1	91	0.7735	0.4171	0.3873	0
ngrpo	1	92	0.7048	0.3807	0.3848	0
ngrpo	1	93	0.7287	0.4238	0.382	0
ngrpo	1	94	0.7238	0.4333	0.3899	0
ngrpo	1	95	0.7323	0.414	0.384	0
ngrpo	1	96	0.7094	0.425	0.3861	0
ngrpo	1	97	0.7514	0.4367	0.391	0
ngrpo	1	98	0.8157	0.396	0.3916	0
ngrpo	1	99	0.7647	0.4563	0.3981	0
ngrpo	2	0	0.0187	-0.0344	-0.0008	0
ngrpo	2	1	0.0	-0.031	0.0065	0
ngrpo	2	2	0.0	-0.0123	0.0182	0
ngrpo	2	3	0.0505	-0.0191	0.0308	0
ngrpo	2	4	0.0262	0.09	0.0378	0
ngrpo	2	5	0.0	0.0269	0.0505	0
ngrpo	2	6	0.0142	0.0565	0.0609	0
ngrpo	2	7	0.0205	0.0781	0.0688	0
ngrpo	2	8	0.0313	0.1001	0.0743	0
ngrpo	2	9	0.0132	0.1138	0.0872	0
ngrpo	2	10	0.0	0.0886	0.0947	0
ngrpo	2	11	0.0412	0.1186	0.1056	0
ngrpo	2	12	0.0	0.1443	0.1088	0
ngrpo	2	13	0.0663	0.1856	0.1155	0
ngrpo	2	14	0.0182	0.1873	0.127	0
ngrpo	2	15	0.0175	0.19	0.1292	0
ngrpo	2	16	0.0303	0.1785	0.1328	0
ngrpo	2	17	0.0177	0.167	0.1502	0
ngrpo	2	18	0.0017	0.2425	0.1555	0
ngrpo	2	19	0.0	0.1823	0.1634	0
ngrpo	2	20	0.0	0.2081	0.1688	0
ngrpo	2	21	0.0174	0.2169	0.1726	0
ngrpo	2	22	0.0	0.2249	0.1803	0
ngrpo	2	23	0.0	0.2385	0.1873	0
ngrpo	2	24	0.0334	0.2432	0.1928	0
ngrpo	2	25	0.0	0.2547	0.1926	0
ngrpo	2	26	0.0149	0.244	0.2005	0
ngrpo	2	27	0.0159	0.2588	0.2098	0
ngrpo	2	28	0.0	0.2779	0.215	0
ngrpo	2	29	0.0	0.2791	0.2213	0
ngrpo	2	30	0.0129	0.2639	0.227	0
ngrpo	2	31	0.0289	0.2527	0.2296	0
ngrpo	2	32	0.0	0.2925	0.2338	0
ngrpo	2	33	0.0289	0.3418	0.2337	0
ngrpo	2	34	0.0076	0.261	0.2437	0
ngrpo	2	35	0.0349	0.288	0.2526	0
ngrpo	2	36	0.036	0.3272	0.2551	0
ngrpo	2	37	0.0366	0.2701	0.2564	0
ngrpo	2	38	0.05	0.329	0.2574	0
ngrpo	2	39	0.0225	0.3231	0.2657	0
ngrpo	2	40	0.0604	0.3249	0.2714	0
ngrpo	2	41	0.0571	0.3636	0.2779	0
ngrpo	2	42	0.0524	0.297	0.2755	0
ngrpo	2	43	0.0349	0.3383	0.2857	0
ngrpo	2	44	0.1065	0.3451	0.288	0
ngrpo	2	45	0.0952	0.3168	0.284	0
ngrpo	2	46	0.1259	0.3343	0.2874	0
ngrpo	2	47	0.0899	0.3467	0.296	0
ngrpo	2	48	0.142	0.3886	0.2964	0
ngrpo	2	49	0.1805	0.3049	0.3041	0
ngrpo	2	50	0.1623	0.4085	0.302	0
ngrpo	2	51	0.1475	0.3869	0.3007	0
ngrpo	2	52	0.2037	0.3336	0.314	0
ngrpo	2	53	0.1829	0.345	0.3171	0
ngrpo	2	54	0.2855	0.3815	0.3174	0
ngrpo	2	55	0.2399	0.352	0.3182	0
ngrpo	2	56	0.3295	0.3709	0.3225	0
ngrpo	2	57	0.2816	0.3337	0.3267	0
ngrpo	2	58	0.2968	0.3581	0.3284	0
ngrpo	2	59	0.3468	0.345	0.3322	0
ngrpo	2	60	0.3454	0.3874	0.329	0
ngrpo	2	61	0.4142	0.3769	0.3368	0
ngrpo	2	62	0.4287	0.3465	0.3362	0
ngrpo	2	63	0.4778	0.3898	0.3406	0
ngrpo	2	64	0.4975	0.3693	0.3424	0
ngrpo	2	65	0.4528	0.3159	0.3351	0
ngrpo	2	66	0.5694	0.3734	0.3397	0
ngrpo	2	67	0.5282	0.39	0.3458	0
ngrpo	2	68	0.5484	0.43	0.3514	0
ngrpo	2	69	0.6016	0.3617	0.3537	0
ngrpo	2	70	0.6017	0.3771	0.3548	0
ngrpo	2	71	0.654	0.3941	0.3556	0
ngrpo	2	72	0.6175	0.3911	0.3547	0
ngrpo	2	73	0.6517	0.3605	0.3555	0
ngrpo	2	74	0.6353	0.4068	0.3621	0
ngrpo	2	75	0.6626	0.3698	0.36	0
ngrpo	2	76	0.689	0.4248	0.3612	0
ngrpo	2	77	0.6598	0.3642	0.3626	0
ngrpo	2	78	0.6426	0.4319	0.3691	0
ngrpo	2	79	0.6777	0.3693	0.3698	0
ngrpo	2	80	0.7034	0.396	0.3702	0
ngrpo	2	81	0.6545	0.4185	0.3718	0
ngrpo	2	82	0.6666	0.4152	0.3779	0
ngrpo	2	83	0.7205	0.4423	0.3718	0
ngrpo	2	84	0.7259	0.4125	0.3738	0
ngrpo	2	85	0.7027	0.384	0.3772	0
ngrpo	2	86	0.7262	0.429	0.3789	0
ngrpo	2	87	0.7439	0.3729	0.3822	0
ngrpo	2	88	0.7773	0.4681	0.3786	0
ngrpo	2	89	0.7568	0.4529	0.3758	0
ngrpo	2	90	0.6938	0.4354	0.384	0
ngrpo	2	91	0.7656	0.3862	0.3848	0
ngrpo	2	92	0.7557	0.4415	0.3839	0
ngrpo	2	93	0.6961	0.3741	0.3896	0
ngrpo	2	94	0.7276	0.448	0.3809	0
ngrpo	2	95	0.7647	0.4387	0.3896	0
ngrpo	2	96	0.7312	0.4154	0.3877	0
ngrpo	2	97	0.6921	0.4317	0.3907	0
ngrpo	2	98	0.7001	0.4031	0.3889	0
ngrpo	2	99	0.7484	0.4236	0.3889	0
ngrpo	3	0	0.0335	-0.019	0.0018	0
ngrpo	3	1	0.0149	0.0319	0.0104	0
ngrpo	3	2	0.0286	0.0207	0.0225	0
ngrpo	3	3	0.0	0.0533	0.0334	0
ngrpo	3	4	0.0451	0.0443	0.0432	0
ngrpo	3	5	0.0111	0.0469	0.0459	0
ngrpo	3	6	0.0	0.0929	0.0541	0
ngrpo	3	7	0.0	0.1043	0.0686	0
ngrpo	3	8	0.0051	0.1248	0.0783	0
ngrpo	3	9	0.0554	0.1266	0.0837	0
ngrpo	3	10	0.0	0.0825	0.0943	0
ngrpo	3	11	0.0203	0.0725	0.1021	0
ngrpo	3	12	0.0093	0.142	0.1123	0
ngrpo	3	13	0.0	0.1631	0.116	0
ngrpo	3	14	0.0	0.184	0.1338	0
ngrpo	3	15	0.0	0.1547	0.1307	0
ngrpo	3	16	0.0	0.1578	0.141	0
ngrpo	3	17	0.0	0.1851	0.143	0
ngrpo	3	18	0.0	0.177	0.1604	0
ngrpo	3	19	0.0073	0.203	0.1598	0
ngrpo	3	20	0.013	0.1938	0.1676	0
ngrpo	3	21	0.0282	0.2612	0.1691	0
ngrpo	3	22	0.0	0.2316	0.1813	0
ngrpo	3	23	0.0128	0.2436	0.1909	0
ngrpo	3	24	0.0	0.2297	0.1973	0
ngrpo	3	25	0.0085	0.2603	0.1995	0
ngrpo	3	26	0.0	0.2305	0.2014	0
ngrpo	3	27	0.0234	0.3043	0.2123	0
ngrpo	3	28	0.0123	0.2448	0.2173	0
ngrpo	3	29	0.0497	0.2913	0.2243	0
ngrpo	3	30	0.0564	0.2923	0.2236	0
ngrpo	3	31	0.0	0.2529	0.2315	0
ngrpo	3	32	0.0299	0.2449	0.2368	0
ngrpo	3	33	0.0011	0.2568	0.2433	0
ngrpo	3	34	0.0182	0.3251	0.241	0
ngrpo	3	35	0.0796	0.2614	0.254	0
ngrpo	3	36	0.0444	0.324	0.2526	0
ngrpo	3	37	0.0452	0.2751	0.2622	0
ngrpo	3	38	0.0505	0.3024	0.2608	0
ngrpo	3	39	0.0682	0.3144	0.2643	0
ngrpo	3	40	0.0313	0.3464	0.2667	0
ngrpo	3	41	0.0638	0.3147	0.2756	0
ngrpo	3	42	0.0674	0.3111	0.2743	0
ngrpo	3	43	0.0939	0.3656	0.2823	0
ngrpo	3	44	0.0787	0.3176	0.2835	0
ngrpo	3	45	0.1265	0.3449	0.285	0
ngrpo	3	46	0.0779	0.3791	0.2876	0
ngrpo	3	47	0.0697	0.3775	0.2975	0
ngrpo	3	48	0.1474	0.3299	0.2958	0
ngrpo	3	49	0.1188	0.3684	0.3009	0
ngrpo	3	50	0.1147	0.3232	0.3036	0
ngrpo	3	51	0.1276	0.3356	0.3091	0
ngrpo	3	52	0.1749	0.3778	0.3126	0
ngrpo	3	53	0.2437	0.3891	0.3148	0
ngrpo	3	54	0.2245	0.3646	0.3151	0
ngrpo	3	55	0.3047	0.3835	0.3126	0
ngrpo	3	56	0.2702	0.3843	0.325	0
ngrpo	3	57	0.2842	0.3702	0.3281	0
ngrpo	3	58	0.3346	0.4019	0.3238	0
ngrpo	3	59	0.3064	0.3424	0.3221	0
ngrpo	3	60	0.3779	0.3576	0.3299	0
ngrpo	3	61	0.4545	0.3465	0.3309	0
ngrpo	3	62	0.4068	0.3983	0.3371	0
ngrpo	3	63	0.4169	0.3588	0.3338	0
ngrpo	3	64	0.4595	0.3466	0.3434	0
ngrpo	3	65	0.475	0.3675	0.344	0
ngrpo	3	66	0.5073	0.3654	0.3459	0
ngrpo	3	67	0.5471	0.4007	0.3437	0
ngrpo	3	68	0.5225	0.3469	0.3547	0
ngrpo	3	69	0.5604	0.4067	0.3489	0
ngrpo	3	70	0.5505	0.4333	0.3504	0
ngrpo	3	71	0.6113	0.4146	0.3579	0
ngrpo	3	72	0.6105	0.3831	0.3565	0
ngrpo	3	73	0.6029	0.3887	0.3547	0
ngrpo	3	74	0.6228	0.4082	0.3648	0
ngrpo	3	75	0.6504	0.4166	0.3635	0
ngrpo	3	76	0.6116	0.3846	0.3666	0
ngrpo	3	77	0.664	0.3655	0.3634	0
ngrpo	3	78	0.6831	0.3783	0.3685	0
ngrpo	3	79	0.6352	0.4075	0.3648	0
ngrpo	3	80	0.6798	0.3964	0.3676	0
ngrpo	3	81	0.7088	0.4243	0.3691	0
ngrpo	3	82	0.7519	0.3912	0.3723	0
ngrpo	3	83	0.7011	0.4096	0.3733	0
ngrpo	3	84	0.7519	0.3874	0.3779	0
ngrpo	3	85	0.7582	0.3795	0.3758	0
ngrpo	3	86	0.7538	0.4119	0.3761	0
ngrpo	3	87	0.685	0.4021	0.374	0
ngrpo	3	88	0.7295	0.4177	0.3787	0
ngrpo	3	89	0.7401	0.3805	0.3823	0
ngrpo	3	90	0.7537	0.388	0.3866	0
ngrpo	3	91	0.6846	0.4245	0.3877	0
ngrpo	3	92	0.7862	0.3837	0.3816	0
ngrpo	3	93	0.7696	0.4008	0.3851	0
ngrpo	3	94	0.747	0.3947	0.3892	0
ngrpo	3	95	0.7485	0.3732	0.3868	0
ngrpo	3	96	0.7035	0.4406	0.3842	0
ngrpo	3	97	0.7668	0.4325	0.3898	0
ngrpo	3	98	0.7637	0.4101	0.3878	0
ngrpo	3	99	0.7583	0.4049	0.3941	0
ngrpo	4	0	0.007	-0.0099	0.0044	0
ngrpo	4	1	0.0	0.0045	0.0079	0
ngrpo	4	2	0.0	0.072	0.0162	0
ngrpo	4	3	0.0222	0.0573	0.026	0
ngrpo	4	4	0.0	0.0731	0.0379	0
ngrpo	4	5	0.0	0.0404	0.0452	0
ngrpo	4	6	0.0086	0.0613	0.0634	0
ngrpo	4	7	0.0	0.0901	0.071	0
ngrpo	4	8	0.0	0.0915	0.0738	0
ngrpo	4	9	0.0039	0.1114	0.0839	0
ngrpo	4	10	0.042	0.1303	0.0947	0
ngrpo	4	11	0.0	0.1538	0.1051	0
ngrpo	4	12	0.0797	0.1299	0.1057	0
ngrpo	4	13	0.0174	0.1779	0.1166	0
ngrpo	4	14	0.0288	0.1518	0.1259	0
ngrpo	4	15	0.0	0.1386	0.1277	0
ngrpo	4	16	0.0	0.1326	0.1432	0
ngrpo	4	17	0.037	0.202	0.1493	0
ngrpo	4	18	0.0108	0.175	0.1544	0
ngrpo	4	19	0.0104	0.2005	0.1652	0
ngrpo	4	20	0.0	0.2314	0.1651	0
ngrpo	4	21	0.0061	0.2263	0.1697	0
ngrpo	4	22	0.0324	0.1926	0.1792	0
ngrpo	4	23	0.006	0.2322	0.1858	0
ngrpo	4	24	0.0	0.228	0.1913	0
ngrpo	4	25	0.0066	0.2894	0.1973	0
ngrpo	4	26	0.0325	0.2871	0.2076	0
ngrpo	4	27	0.0	0.26	0.2128	0
ngrpo	4	28	0.0	0.2601	0.2144	0
ngrpo	4	29	0.0347	0.2851	0.2194	0
ngrpo	4	30	0.0045	0.2464	0.2291	0
ngrpo	4	31	0.0	0.2321	0.2306	0
ngrpo	4	32	0.0082	0.3055	0.2288	0
ngrpo	4	33	0.0282	0.2687	0.2428	0
ngrpo	4	34	0.0	0.2749	0.2459	0
ngrpo	4	35	0.0341	0.3063	0.2538	0
ngrpo	4	36	0.0354	0.3304	0.2514	0
ngrpo	4	37	0.0761	0.307	0.257	0
ngrpo	4	38	0.057	0.268	0.2637	0
ngrpo	4	39	0.0555	0.2769	0.2622	0
ngrpo	4	40	0.0705	0.3123	0.2683	0
ngrpo	4	41	0.0582	0.3216	0.2707	0
ngrpo	4	42	0.1177	0.3469	0.2752	0
ngrpo	4	43	0.0624	0.3861	0.279	0
ngrpo	4	44	0.0546	0.3277	0.2822	0
ngrpo	4	45	0.0823	0.3233	0.286	0
ngrpo	4	46	0.076	0.3218	0.2914	0
ngrpo	4	47	0.1274	0.325	0.2937	0
ngrpo	4	48	0.1706	0.2924	0.294	0
ngrpo	4	49	0.1275	0.4064	0.3062	0
ngrpo	4	50	0.2214	0.3598	0.3046	0
ngrpo	4	51	0.2034	0.3278	0.3073	0
ngrpo	4	52	0.2108	0.3141	0.3155	0
ngrpo	4	53	0.2259	0.3613	0.3083	0
ngrpo	4	54	0.2465	0.3841	0.319	0
ngrpo	4	55	0.2884	0.3507	0.3221	0
ngrpo	4	56	0.3473	0.3444	0.323	0
ngrpo	4	57	0.2489	0.3677	0.3256	0
ngrpo	4	58	0.3144	0.3864	0.3287	0
ngrpo	4	59	0.3774	0.3094	0.3316	0
ngrpo	4	60	0.3802	0.3864	0.3303	0
ngrpo	4	61	0.3738	0.3732	0.3392	0
ngrpo	4	62	0.4433	0.3523	0.3311	0
ngrpo	4	63	0.4302	0.4495	0.3402	0
ngrpo	4	64	0.4389	0.3336	0.3409	0
ngrpo	4	65	0.4635	0.3902	0.3425	0
ngrpo	4	66	0.5053	0.364	0.3403	0
ngrpo	4	67	0.4933	0.3771	0.3438	0
ngrpo	4	68	0.5524	0.3601	0.3444	0
ngrpo	4	69	0.5734	0.3661	0.3526	0
ngrpo	4	70	0.6399	0.4207	0.3502	0
ngrpo	4	71	0.5992	0.3843	0.3528	0
ngrpo	4	72	0.5952	0.3345	0.3594	0
ngrpo	4	73	0.6099	0.3653	0.3676	0
ngrpo	4	74	0.6087	0.444	0.3598	0
ngrpo	4	75	0.6264	0.4181	0.3618	0
ngrpo	4	76	0.6188	0.3885	0.3691	0
ngrpo	4	77	0.6211	0.4152	0.3605	0
ngrpo	4	78	0.6461	0.409	0.3661	0
ngrpo	4	79	0.7141	0.3771	0.3695	0
ngrpo	4	80	0.7232	0.4229	0.3714	0
ngrpo	4	81	0.7573	0.4321	0.3753	0
ngrpo	4	82	0.7523	0.3961	0.3703	0
ngrpo	4	83	0.7523	0.4295	0.368	0
ngrpo	4	84	0.7064	0.4389	0.3743	0
ngrpo	4	85	0.723	0.388	0.3797	0
ngrpo	4	86	0.6866	0.4197	0.3752	0
ngrpo	4	87	0.7257	0.4057	0.3735	0
ngrpo	4	88	0.7224	0.3897	0.3825	0
ngrpo	4	89	0.7077	0.3723	0.3757	0
ngrpo	4	90	0.7286	0.3874	0.378	0
ngrpo	4	91	0.7364	0.4248	0.3841	0
ngrpo	4	92	0.7215	0.4217	0.3852	0
ngrpo	4	93	0.6983	0.4151	0.389	0
ngrpo	4	94	0.759	0.4098	0.3919	0
ngrpo	4	95	0.7845	0.4192	0.3875	0
ngrpo	4	96	0.7269	0.4102	0.3907	0
ngrpo	4	97	0.7011	0.424	0.3885	0
ngrpo	4	98	0.8236	0.3937	0.3942	0
ngrpo	4	99	0.7396	0.4093	0.3962	0
scafgrpo	0	0	0.2015	0.004	0.0037	0
scafgrpo	0	1	0.2106	0.0478	0.0098	0
scafgrpo	0	2	0.2284	0.0558	0.0227	0
scafgrpo	0	3	0.193	0.0374	0.03	0
scafgrpo	0	4	0.2028	0.0215	0.0387	0
scafgrpo	0	5	0.2184	0.0523	0.052	0
scafgrpo	0	6	0.2484	0.1173	0.062	0
scafgrpo	0	7	0.2222	0.0836	0.0694	0
scafgrpo	0	8	0.2599	0.0883	0.0778	0
scafgrpo	0	9	0.2502	0.1489	0.096	0
scafgrpo	0	10	0.2426	0.1025	0.0983	0
scafgrpo	0	11	0.1557	0.1253	0.1104	0
scafgrpo	0	12	0.2987	0.129	0.1181	0
scafgrpo	0	13	0.2235	0.133	0.1262	0
scafgrpo	0	14	0.2521	0.1897	0.1306	0
scafgrpo	0	15	0.2596	0.1746	0.1398	0
scafgrpo	0	16	0.2537	0.1709	0.1486	0
scafgrpo	0	17	0.2055	0.2251	0.1537	0
scafgrpo	0	18	0.2532	0.2324	0.1626	0
scafgrpo	0	19	0.2084	0.1945	0.1714	0
scafgrpo	0	20	0.2197	0.2174	0.1721	0
scafgrpo	0	21	0.2564	0.2732	0.1863	0
scafgrpo	0	22	0.2713	0.2378	0.1852	0
scafgrpo	0	23	0.2402	0.2962	0.1953	0
scafgrpo	0	24	0.2018	0.2501	0.2	0
scafgrpo	0	25	0.2867	0.2608	0.2113	0
scafgrpo	0	26	0.2661	0.2245	0.2125	0
scafgrpo	0	27	0.3015	0.2956	0.223	0
scafgrpo	0	28	0.2337	0.2734	0.2234	0
scafgrpo	0	29	0.3439	0.3539	0.2335	0
scafgrpo	0	30	0.2499	0.3337	0.2375	0
scafgrpo	0	31	0.2705	0.3042	0.2443	0
scafgrpo	0	32	0.3466	0.2937	0.251	0
scafgrpo	0	33	0.3025	0.3194	0.2556	0
scafgrpo	0	34	0.2888	0.3199	0.2615	0
scafgrpo	0	35	0.3105	0.31	0.2603	0
scafgrpo	0	36	0.2948	0.3355	0.2633	0
scafgrpo	0	37	0.2771	0.3433	0.2744	0
scafgrpo	0	38	0.2819	0.3412	0.2739	0
scafgrpo	0	39	0.3109	0.3298	0.2824	0
scafgrpo	0	40	0.3346	0.2855	0.2835	0
scafgrpo	0	41	0.323	0.3499	0.2858	0
scafgrpo	0	42	0.2788	0.4038	0.2964	0
scafgrpo	0	43	0.329	0.3575	0.2988	0
scafgrpo	0	44	0.2683	0.341	0.2993	0
scafgrpo	0	45	0.3102	0.3546	0.309	0
scafgrpo	0	46	0.3147	0.3534	0.3061	0
scafgrpo	0	47	0.328	0.3515	0.3131	0
scafgrpo	0	48	0.3195	0.3521	0.3119	0
scafgrpo	0	49	0.3358	0.3395	0.3138	0
scafgrpo	0	50	0.281	0.3925	0.324	0
scafgrpo	0	51	0.3607	0.3389	0.3275	0
scafgrpo	0	52	0.354	0.4232	0.3322	0
scafgrpo	0	53	0.3945	0.3577	0.329	0
scafgrpo	0	54	0.292	0.3836	0.3321	0
scafgrpo	0	55	0.3721	0.3802	0.3412	0
scafgrpo	0	56	0.3701	0.3736	0.332	0
scafgrpo	0	57	0.3567	0.3949	0.3439	0
scafgrpo	0	58	0.3398	0.4318	0.3442	0
scafgrpo	0	59	0.2905	0.3747	0.3508	0
scafgrpo	0	60	0.3613	0.3878	0.3536	0
scafgrpo	0	61	0.3072	0.424	0.353	0
scafgrpo	0	62	0.3508	0.3918	0.3588	0
scafgrpo	0	63	0.326	0.3998	0.3556	0
scafgrpo	0	64	0.3609	0.4484	0.3572	0
scafgrpo	0	65	0.3625	0.399	0.3623	0
scafgrpo	0	66	0.335	0.3699	0.3685	0
scafgrpo	0	67	0.3607	0.3958	0.367	0
scafgrpo	0	68	0.3434	0.3904	0.3681	0
scafgrpo	0	69	0.3306	0.4	0.3774	0
scafgrpo	0	70	0.3903	0.4005	0.3683	0
scafgrpo	0	71	0.3289	0.3967	0.3755	0
scafgrpo	0	72	0.343	0.4302	0.3791	0
scafgrpo	0	73	0.3556	0.4358	0.3789	0
scafgrpo	0	74	0.3552	0.3879	0.3788	0
scafgrpo	0	75	0.3652	0.4154	0.388	0
scafgrpo	0	76	0.3638	0.4107	0.3817	0
scafgrpo	0	77	0.3704	0.4717	0.3802	0
scafgrpo	0	78	0.3615	0.4408	0.3881	0
scafgrpo	0	79	0.3772	0.3908	0.3877	0
scafgrpo	0	80	0.3538	0.4367	0.3876	0
scafgrpo	0	81	0.4314	0.4066	0.395	0
scafgrpo	0	82	0.3539	0.4398	0.3926	0
scafgrpo	0	83	0.3541	0.3968	0.3895	0
scafgrpo	0	84	0.3643	0.3998	0.397	0
scafgrpo	0	85	0.4156	0.4487	0.3913	0
scafgrpo	0	86	0.4043	0.4704	0.3979	0
scafgrpo	0	87	0.3697	0.4131	0.4022	0
scafgrpo	0	88	0.3459	0.4304	0.4047	0
scafgrpo	0	89	0.4102	0.4557	0.3995	0
scafgrpo	0	90	0.4375	0.4071	0.4033	0
scafgrpo	0	91	0.387	0.4448	0.4046	0
scafgrpo	0	92	0.3689	0.3998	0.4087	0
scafgrpo	0	93	0.363	0.456	0.4069	0
scafgrpo	0	94	0.3961	0.4031	0.4068	0
scafgrpo	0	95	0.3879	0.4037	0.4089	0
scafgrpo	0	96	0.4195	0.4385	0.4104	0
scafgrpo	0	97	0.4091	0.4383	0.4065	0
scafgrpo	0	98	0.3714	0.4288	0.4138	0
scafgrpo	0	99	0.4173	0.4543	0.4124	0
scafgrpo	1	0	0.1741	0.0146	0.0013	0
scafgrpo	1	1	0.2368	0.0616	0.0098	0
scafgrpo	1	2	0.2091	0.0146	0.0214	0
scafgrpo	1	3	0.175	0.0645	0.0346	0
scafgrpo	1	4	0.2233	0.0561	0.0411	0
scafgrpo	1	5	0.2238	0.0405	0.051	0
scafgrpo	1	6	0.2516	0.084	0.0617	0
scafgrpo	1	7	0.2492	0.0633	0.0799	0
scafgrpo	1	8	0.2903	0.1414	0.0862	0
scafgrpo	1	9	0.212	0.0929	0.0915	0
scafgrpo	1	10	0.259	0.1371	0.0992	0
scafgrpo	1	11	0.2647	0.1753	0.1045	0
scafgrpo	1	12	0.2878	0.1608	0.119	0
scafgrpo	1	13	0.2273	0.1402	0.1262	0
scafgrpo	1	14	0.1688	0.1555	0.1295	0
scafgrpo	1	15	0.2317	0.1234	0.147	0
scafgrpo	1	16	0.188	0.199	0.1493	0
scafgrpo	1	17	0.2188	0.1786	0.1526	0
scafgrpo	1	18	0.2614	0.1911	0.1628	0
scafgrpo	1	19	0.2107	0.1895	0.1687	0
scafgrpo	1	20	0.2687	0.2031	0.179	0
scafgrpo	1	21	0.2538	0.227	0.1793	0
scafgrpo	1	22	0.231	0.2301	0.1884	0
scafgrpo	1	23	0.2352	0.2275	0.1952	0
scafgrpo	1	24	0.2525	0.2547	0.1992	0
scafgrpo	1	25	0.2784	0.2679	0.2093	0
scafgrpo	1	26	0.2498	0.2615	0.2165	0
scafgrpo	1	27	0.2389	0.2758	0.2176	0
scafgrpo	1	28	0.2151	0.3081	0.2257	0
scafgrpo	1	29	0.2795	0.2844	0.2304	0
scafgrpo	1	30	0.3147	0.2969	0.2342	0
scafgrpo	1	31	0.316	0.3348	0.243	0
scafgrpo	1	32	0.3219	0.2816	0.2478	0
scafgrpo	1	33	0.2994	0.3409	0.2542	0
scafgrpo	1	34	0.2797	0.291	0.2574	0
scafgrpo	1	35	0.291	0.3169	0.2597	0
scafgrpo	1	36	0.2215	0.3504	0.2651	0
scafgrpo	1	37	0.2613	0.3605	0.2744	0
scafgrpo	1	38	0.2928	0.3593	0.2803	0
scafgrpo	1	39	0.2712	0.3231	0.2886	0
scafgrpo	1	40	0.2839	0.3575	0.2937	0
scafgrpo	1	41	0.2645	0.3611	0.287	0
scafgrpo	1	42	0.2948	0.3757	0.2949	0
scafgrpo	1	43	0.3292	0.3793	0.2978	0
scafgrpo	1	44	0.3024	0.3837	0.2983	0
scafgrpo	1	45	0.2469	0.3776	0.3039	0
scafgrpo	1	46	0.286	0.4178	0.3146	0
scafgrpo	1	47	0.3632	0.3495	0.3152	0
scafgrpo	1	48	0.3086	0.3561	0.3199	0
scafgrpo	1	49	0.2919	0.3605	0.3216	0
scafgrpo	1	50	0.3168	0.3582	0.3248	0
scafgrpo	1	51	0.3686	0.4113	0.3282	0
scafgrpo	1	52	0.3183	0.4156	0.3299	0
scafgrpo	1	53	0.3438	0.3971	0.3245	0
scafgrpo	1	54	0.2925	0.3727	0.3318	0
scafgrpo	1	55	0.3476	0.4277	0.3368	0
scafgrpo	1	56	0.332	0.3688	0.3401	0
scafgrpo	1	57	0.3462	0.3783	0.3415	0
scafgrpo	1	58	0.3587	0.3614	0.3486	0
scafgrpo	1	59	0.4059	0.413	0.3458	0
scafgrpo	1	60	0.3365	0.4203	0.3536	0
scafgrpo	1	61	0.3117	0.4012	0.3491	0
scafgrpo	1	62	0.3094	0.3836	0.3553	0
scafgrpo	1	63	0.3177	0.4312	0.3593	0
scafgrpo	1	64	0.3681	0.399	0.3623	0
scafgrpo	1	65	0.3827	0.364	0.3624	0
scafgrpo	1	66	0.3091	0.4087	0.3673	0
scafgrpo	1	67	0.3751	0.3754	0.3669	0
scafgrpo	1	68	0.3619	0.3978	0.3666	0
scafgrpo	1	69	0.3697	0.4186	0.3687	0
scafgrpo	1	70	0.3576	0.4382	0.374	0
scafgrpo	1	71	0.3256	0.3831	0.3764	0
scafgrpo	1	72	0.2939	0.3807	0.3725	0
scafgrpo	1	73	0.3724	0.4228	0.3769	0
scafgrpo	1	74	0.3692	0.4475	0.381	0
scafgrpo	1	75	0.3587	0.3864	0.3824	0
scafgrpo	1	76	0.3696	0.4124	0.3827	0
scafgrpo	1	77	0.4167	0.4089	0.3852	0
scafgrpo	1	78	0.3448	0.4395	0.39	0
scafgrpo	1	79	0.3616	0.4238	0.3866	0
scafgrpo	1	80	0.3506	0.4417	0.3963	0
scafgrpo	1	81	0.4065	0.3675	0.3949	0
scafgrpo	1	82	0.3994	0.4144	0.397	0
scafgrpo	1	83	0.3946	0.447	0.3899	0
scafgrpo	1	84	0.3953	0.4408	0.3956	0
scafgrpo	1	85	0.3361	0.4352	0.396	0
scafgrpo	1	86	0.3478	0.4429	0.3989	0
scafgrpo	1	87	0.4023	0.4259	0.4028	0
scafgrpo	1	88	0.4055	0.4238	0.4041	0
scafgrpo	1	89	0.4008	0.4609	0.4045	0
scafgrpo	1	90	0.4064	0.4349	0.4062	0
scafgrpo	1	91	0.3699	0.4536	0.4044	0
scafgrpo	1	92	0.4245	0.439	0.4045	0
scafgrpo	1	93	0.4336	0.4758	0.4127	0
scafgrpo	1	94	0.4154	0.4449	0.4096	0
scafgrpo	1	95	0.3823	0.4196	0.4118	0
scafgrpo	1	96	0.3671	0.3953	0.4117	0
scafgrpo	1	97	0.4379	0.4639	0.4097	0
scafgrpo	1	98	0.3981	0.4538	0.413	0
scafgrpo	1	99	0.4322	0.4488	0.415	0
scafgrpo	2	0	0.2386	-0.0007	-0.002	0
scafgrpo	2	1	0.2082	0.0288	0.0083	0
scafgrpo	2	2	0.2324	0.0364	0.0199	0
scafgrpo	2	3	0.225	0.0474	0.0312	0
scafgrpo	2	4	0.2528	0.0346	0.0389	0
scafgrpo	2	5	0.2358	0.0654	0.0533	0
scafgrpo	2	6	0.2141	0.1107	0.0579	0
scafgrpo	2	7	0.2585	0.1047	0.0719	0
scafgrpo	2	8	0.2701	0.1088	0.0843	0
scafgrpo	2	9	0.2305	0.1344	0.0938	0
scafgrpo	2	10	0.2483	0.0807	0.1002	0
scafgrpo	2	11	0.2443	0.1638	0.1065	0
scafgrpo	2	12	0.2102	0.1944	0.1202	0
scafgrpo	2	13	0.2666	0.1101	0.1231	0
scafgrpo	2	14	0.2674	0.1899	0.1318	0
scafgrpo	2	15	0.179	0.1985	0.145	0
scafgrpo	2	16	0.3329	0.204	0.1489	0
scafgrpo	2	17	0.2167	0.1875	0.1564	0
scafgrpo	2	18	0.2376	0.2065	0.1622	0
scafgrpo	2	19	0.2522	0.2209	0.1722	0
scafgrpo	2	20	0.2277	0.1821	0.1798	0
scafgrpo	2	21	0.248	0.2284	0.1867	0
scafgrpo	2	22	0.2587	0.2452	0.193	0
scafgrpo	2	23	0.2637	0.2108	0.1994	0
scafgrpo	2	24	0.2533	0.2909	0.2068	0
scafgrpo	2	25	0.2793	0.2504	0.208	0
scafgrpo	2	26	0.2876	0.2306	0.2186	0
scafgrpo	2	27	0.3375	0.2765	0.2237	0
scafgrpo	2	28	0.2579	0.2727	0.2292	0
scafgrpo	2	29	0.2802	0.2679	0.2336	0
scafgrpo	2	30	0.2761	0.25	0.2395	0
scafgrpo	2	31	0.2419	0.293	0.2454	0
scafgrpo	2	32	0.2379	0.2891	0.248	0
scafgrpo	2	33	0.2537	0.2865	0.2539	0
scafgrpo	2	34	0.2887	0.3022	0.2586	0
scafgrpo	2	35	0.2613	0.3067	0.269	0
scafgrpo	2	36	0.2878	0.3143	0.2726	0
scafgrpo	2	37	0.3385	0.2732	0.277	0
scafgrpo	2	38	0.275	0.3264	0.2755	0
scafgrpo	2	39	0.3038	0.348	0.2776	0
scafgrpo	2	40	0.2334	0.3013	0.2825	0
scafgrpo	2	41	0.2446	0.3578	0.2828	0
scafgrpo	2	42	0.2679	0.329	0.2985	0
scafgrpo	2	43	0.3293	0.4063	0.3017	0
scafgrpo	2	44	0.2439	0.3408	0.3071	0
scafgrpo	2	45	0.3324	0.3772	0.2999	0
scafgrpo	2	46	0.2706	0.3036	0.313	0
scafgrpo	2	47	0.2914	0.3367	0.3173	0
scafgrpo	2	48	0.2855	0.3729	0.3183	0
scafgrpo	2	49	0.257	0.372	0.3195	0
scafgrpo	2	50	0.2644	0.3341	0.3221	0
scafgrpo	2	51	0.3673	0.3897	0.3268	0
scafgrpo	2	52	0.3143	0.3997	0.3268	0
scafgrpo	2	53	0.3039	0.3766	0.3301	0
scafgrpo	2	54	0.2802	0.4099	0.3409	0
scafgrpo	2	55	0.2867	0.4106	0.3325	0
scafgrpo	2	56	0.2957	0.3778	0.3372	0
scafgrpo	2	57	0.3649	0.3409	0.3403	0
scafgrpo	2	58	0.3409	0.4315	0.3469	0
scafgrpo	2	59	0.3762	0.4594	0.3453	0
scafgrpo	2	60	0.3272	0.4044	0.3535	0
scafgrpo	2	61	0.3451	0.4303	0.3584	0
scafgrpo	2	62	0.3255	0.397	0.3563	0
scafgrpo	2	63	0.3779	0.3754	0.3575	0
scafgrpo	2	64	0.3584	0.4017	0.3637	0
scafgrpo	2	65	0.3582	0.4095	0.3658	0
scafgrpo	2	66	0.415	0.4251	0.3656	0
scafgrpo	2	67	0.3662	0.398	0.3675	0
scafgrpo	2	68	0.3755	0.425	0.3707	0
scafgrpo	2	69	0.398	0.4156	0.3712	0
scafgrpo	2	70	0.3815	0.4185	0.3734	0
scafgrpo	2	71	0.3501	0.4081	0.3769	0
scafgrpo	2	72	0.3318	0.3876	0.3772	0
scafgrpo	2	73	0.3822	0.3886	0.3853	0
scafgrpo	2	74	0.3463	0.4295	0.3765	0
scafgrpo	2	75	0.3878	0.3998	0.3799	0
scafgrpo	2	76	0.3483	0.4429	0.386	0
scafgrpo	2	77	0.38	0.4106	0.3892	0
scafgrpo	2	78	0.3708	0.41	0.3905	0
scafgrpo	2	79	0.4046	0.4418	0.3882	0
scafgrpo	2	80	0.3451	0.3894	0.388	0
scafgrpo	2	81	0.3576	0.4192	0.3903	0
scafgrpo	2	82	0.3859	0.4561	0.3881	0
scafgrpo	2	83	0.3837	0.4504	0.3921	0
scafgrpo	2	84	0.385	0.4153	0.3969	0
scafgrpo	2	85	0.3989	0.421	0.4017	0
scafgrpo	2	86	0.3614	0.4464	0.4009	0
scafgrpo	2	87	0.3627	0.4374	0.4044	0
scafgrpo	2	88	0.3952	0.4512	0.4032	0
scafgrpo	2	89	0.3317	0.425	0.4056	0
scafgrpo	2	90	0.3664	0.4898	0.4027	0
scafgrpo	2	91	0.4107	0.466	0.4074	0
scafgrpo	2	92	0.3847	0.4245	0.4115	0
scafgrpo	2	93	0.4693	0.4235	0.4086	0
scafgrpo	2	94	0.4021	0.4331	0.4127	0
scafgrpo	2	95	0.3746	0.4417	0.4047	0
scafgrpo	2	96	0.4284	0.4266	0.4077	0
scafgrpo	2	97	0.3952	0.4193	0.4083	0
scafgrpo	2	98	0.4114	0.4251	0.4118	0
scafgrpo	2	99	0.3967	0.4605	0.419	0
scafgrpo	3	0	0.2228	-0.0302	-0.0047	0
scafgrpo	3	1	0.2474	0.072	0.0124	0
scafgrpo	3	2	0.1996	-0.0267	0.0208	0
scafgrpo	3	3	0.2085	0.0038	0.0347	0
scafgrpo	3	4	0.2391	0.0779	0.0441	0
scafgrpo	3	5	0.2211	0.0598	0.0486	0
scafgrpo	3	6	0.2385	0.0922	0.0605	0
scafgrpo	3	7	0.2101	0.0988	0.0768	0
scafgrpo	3	8	0.2921	0.0989	0.0822	0
scafgrpo	3	9	0.2785	0.1255	0.092	0
scafgrpo	3	10	0.279	0.166	0.1033	0
scafgrpo	3	11	0.267	0.1262	0.113	0
scafgrpo	3	12	0.2198	0.1435	0.1206	0
scafgrpo	3	13	0.2733	0.1694	0.1178	0
scafgrpo	3	14	0.2767	0.1774	0.1287	0
scafgrpo	3	15	0.268	0.1566	0.1467	0
scafgrpo	3	16	0.2671	0.1538	0.1525	0
scafgrpo	3	17	0.2872	0.1737	0.1592	0
scafgrpo	3	18	0.2638	0.2319	0.1602	0
scafgrpo	3	19	0.2839	0.2535	0.1762	0
scafgrpo	3	20	0.311	0.2146	0.1807	0
scafgrpo	3	21	0.2813	0.1733	0.184	0
scafgrpo	3	22	0.2698	0.2353	0.1907	0
scafgrpo	3	23	0.2497	0.2714	0.1925	0
scafgrpo	3	24	0.2826	0.2819	0.2031	0
scafgrpo	3	25	0.2818	0.2838	0.2107	0
scafgrpo	3	26	0.2485	0.2681	0.2113	0
scafgrpo	3	27	0.2255	0.323	0.2219	0
scafgrpo	3	28	0.2544	0.2442	0.2292	0
scafgrpo	3	29	0.3289	0.2875	0.2356	0
scafgrpo	3	30	0.2687	0.2466	0.2366	0
scafgrpo	3	31	0.2848	0.3139	0.2445	0
scafgrpo	3	32	0.309	0.3134	0.2467	0
scafgrpo	3	33	0.2614	0.2554	0.2595	0
scafgrpo	3	34	0.2542	0.3197	0.2588	0
scafgrpo	3	35	0.2984	0.3334	0.2633	0
scafgrpo	3	36	0.2641	0.3254	0.2656	0
scafgrpo	3	37	0.2812	0.3717	0.2708	0
scafgrpo	3	38	0.2861	0.3694	0.2757	0
scafgrpo	3	39	0.294	0.3303	0.2863	0
scafgrpo	3	40	0.2865	0.3563	0.2855	0
scafgrpo	3	41	0.3226	0.4168	0.2898	0
scafgrpo	3	42	0.2811	0.3593	0.2899	0
scafgrpo	3	43	0.2589	0.378	0.2946	0
scafgrpo	3	44	0.3345	0.3559	0.3043	0
scafgrpo	3	45	0.2858	0.3718	0.3039	0
scafgrpo	3	46	0.2925	0.3672	0.3106	0
scafgrpo	3	47	0.325	0.326	0.314	0
scafgrpo	3	48	0.3369	0.3695	0.314	0
scafgrpo	3	49	0.3468	0.4039	0.3179	0
scafgrpo	3	50	0.2671	0.3616	0.3193	0
scafgrpo	3	51	0.3325	0.3725	0.3234	0
scafgrpo	3	52	0.3538	0.3676	0.3349	0
scafgrpo	3	53	0.3213	0.3435	0.3303	0
scafgrpo	3	54	0.3736	0.3788	0.3308	0
scafgrpo	3	55	0.3564	0.3986	0.3346	0
scafgrpo	3	56	0.3529	0.404	0.3442	0
scafgrpo	3	57	0.3718	0.3967	0.3415	0
scafgrpo	3	58	0.3254	0.3788	0.3476	0
scafgrpo	3	59	0.3569	0.386	0.351	0
scafgrpo	3	60	0.3955	0.3875	0.3505	0
scafgrpo	3	61	0.3211	0.3743	0.3576	0
scafgrpo	3	62	0.3131	0.4199	0.354	0
scafgrpo	3	63	0.3703	0.3465	0.3622	0
scafgrpo	3	64	0.3129	0.4085	0.3625	0
scafgrpo	3	65	0.3109	0.3686	0.3588	0
scafgrpo	3	66	0.3667	0.4206	0.3689	0
scafgrpo	3	67	0.3619	0.4168	0.3677	0
scafgrpo	3	68	0.3874	0.436	0.3707	0
scafgrpo	3	69	0.3178	0.431	0.3765	0
scafgrpo	3	70	0.4074	0.4317	0.3705	0
scafgrpo	3	71	0.3653	0.3682	0.3703	0
scafgrpo	3	72	0.3831	0.3893	0.377	0
scafgrpo	3	73	0.3157	0.4462	0.3803	0
scafgrpo	3	74	0.3381	0.3917	0.3854	0
scafgrpo	3	75	0.3677	0.4251	0.3851	0
scafgrpo	3	76	0.3749	0.4018	0.3807	0
scafgrpo	3	77	0.3452	0.4212	0.3866	0
scafgrpo	3	78	0.3588	0.4219	0.3905	0
scafgrpo	3	79	0.4114	0.4411	0.3902	0
scafgrpo	3	80	0.4083	0.4496	0.3919	0
scafgrpo	3	81	0.3944	0.4197	0.3924	0
scafgrpo	3	82	0.3662	0.3814	0.395	0
scafgrpo	3	83	0.4001	0.4203	0.395	0
scafgrpo	3	84	0.4353	0.455	0.394	0
scafgrpo	3	85	0.4082	0.4581	0.4004	0
scafgrpo	3	86	0.3359	0.4181	0.4012	0
scafgrpo	3	87	0.4295	0.4195	0.3992	0
scafgrpo	3	88	0.3694	0.4678	0.401	0
scafgrpo	3	89	0.3969	0.4451	0.4016	0
scafgrpo	3	90	0.4079	0.4379	0.3983	0
scafgrpo	3	91	0.3986	0.4417	0.4063	0
scafgrpo	3	92	0.433	0.4768	0.4006	0
scafgrpo	3	93	0.4085	0.4603	0.4079	0
scafgrpo	3	94	0.4112	0.4378	0.4104	0
scafgrpo	3	95	0.3519	0.4779	0.4069	0
scafgrpo	3	96	0.3887	0.4212	0.41	0
scafgrpo	3	97	0.3843	0.4318	0.4108	0
scafgrpo	3	98	0.4216	0.42	0.4119	0
scafgrpo	3	99	0.4241	0.4489	0.4099	0
scafgrpo	4	0	0.2309	-0.0298	-0.0012	0
scafgrpo	4	1	0.2075	0.0504	0.0131	0
scafgrpo	4	2	0.1803	0.0233	0.0202	0
scafgrpo	4	3	0.2423	0.0676	0.0366	0
scafgrpo	4	4	0.2459	0.0201	0.0436	0
scafgrpo	4	5	0.1849	0.05	0.0484	0
scafgrpo	4	6	0.2546	0.0764	0.0648	0
scafgrpo	4	7	0.2553	0.0733	0.074	0
scafgrpo	4	8	0.1863	0.1308	0.0758	0
scafgrpo	4	9	0.2176	0.1326	0.0925	0
scafgrpo	4	10	0.2073	0.1122	0.1086	0
scafgrpo	4	11	0.2242	0.1354	0.1118	0
scafgrpo	4	12	0.2422	0.1196	0.1155	0
scafgrpo	4	13	0.2337	0.1593	0.1249	0
scafgrpo	4	14	0.1988	0.1446	0.1331	0
scafgrpo	4	15	0.2662	0.1819	0.1422	0
scafgrpo	4	16	0.2204	0.1735	0.1476	0
scafgrpo	4	17	0.3003	0.1817	0.1519	0
scafgrpo	4	18	0.1879	0.2003	0.1592	0
scafgrpo	4	19	0.2303	0.2225	0.1765	0
scafgrpo	4	20	0.2698	0.2039	0.1796	0
scafgrpo	4	21	0.2819	0.2165	0.1823	0
scafgrpo	4	22	0.2879	0.274	0.1941	0
scafgrpo	4	23	0.2914	0.254	0.1934	0
scafgrpo	4	24	0.2495	0.3027	0.1996	0
scafgrpo	4	25	0.3045	0.2692	0.2074	0
scafgrpo	4	26	0.2883	0.2753	0.2159	0
scafgrpo	4	27	0.2864	0.271	0.226	0
scafgrpo	4	28	0.267	0.2705	0.2255	0
scafgrpo	4	29	0.2232	0.2815	0.2385	0
scafgrpo	4	30	0.2675	0.2785	0.2367	0
scafgrpo	4	31	0.2929	0.3216	0.2479	0
scafgrpo	4	32	0.3499	0.3228	0.2458	0
scafgrpo	4	33	0.2873	0.2869	0.2532	0
scafgrpo	4	34	0.2541	0.3062	0.2605	0
scafgrpo	4	35	0.2844	0.3039	0.2624	0
scafgrpo	4	36	0.2913	0.2948	0.2635	0
scafgrpo	4	37	0.2707	0.2637	0.2728	0
scafgrpo	4	38	0.2864	0.3495	0.2725	0
scafgrpo	4	39	0.2569	0.3127	0.2831	0
scafgrpo	4	40	0.3375	0.3394	0.2832	0
scafgrpo	4	41	0.363	0.3558	0.2895	0
scafgrpo	4	42	0.3291	0.3309	0.2899	0
scafgrpo	4	43	0.3142	0.3135	0.2975	0
scafgrpo	4	44	0.3069	0.3586	0.2973	0
scafgrpo	4	45	0.2743	0.3375	0.307	0
scafgrpo	4	46	0.3372	0.3606	0.3039	0
scafgrpo	4	47	0.301	0.4077	0.31	0
scafgrpo	4	48	0.277	0.3535	0.3188	0
scafgrpo	4	49	0.3308	0.3412	0.3159	0
scafgrpo	4	50	0.3589	0.3834	0.3279	0
scafgrpo	4	51	0.374	0.3633	0.3215	0
scafgrpo	4	52	0.3816	0.3933	0.3277	0
scafgrpo	4	53	0.3724	0.3636	0.3304	0
scafgrpo	4	54	0.2829	0.4074	0.3329	0
scafgrpo	4	55	0.3043	0.4119	0.3318	0
scafgrpo	4	56	0.3431	0.4067	0.3406	0
scafgrpo	4	57	0.3596	0.3952	0.3384	0
scafgrpo	4	58	0.3417	0.4111	0.3523	0
scafgrpo	4	59	0.2885	0.3834	0.342	0
scafgrpo	4	60	0.3736	0.3947	0.3465	0
scafgrpo	4	61	0.3843	0.401	0.3559	0
scafgrpo	4	62	0.3654	0.4031	0.3568	0
scafgrpo	4	63	0.3283	0.4173	0.3547	0
scafgrpo	4	64	0.3295	0.3633	0.3605	0
scafgrpo	4	65	0.3516	0.4651	0.3606	0
scafgrpo	4	66	0.3755	0.4485	0.367	0
scafgrpo	4	67	0.3224	0.4006	0.3674	0
scafgrpo	4	68	0.3533	0.4227	0.3671	0
scafgrpo	4	69	0.3901	0.364	0.3729	0
scafgrpo	4	70	0.3529	0.3908	0.3719	0
scafgrpo	4	71	0.3629	0.4404	0.3751	0
scafgrpo	4	72	0.4097	0.4036	0.3787	0
scafgrpo	4	73	0.3414	0.4064	0.3785	0
scafgrpo	4	74	0.3566	0.4083	0.3786	0
scafgrpo	4	75	0.3208	0.4341	0.385	0
scafgrpo	4	76	0.3563	0.4657	0.3871	0
scafgrpo	4	77	0.3913	0.4372	0.384	0
scafgrpo	4	78	0.3932	0.4087	0.3866	0
scafgrpo	4	79	0.408	0.4413	0.3929	0
scafgrpo	4	80	0.3496	0.4639	0.3932	0
scafgrpo	4	81	0.4064	0.4086	0.3914	0
scafgrpo	4	82	0.4046	0.3931	0.3982	0
scafgrpo	4	83	0.328	0.4346	0.3988	0
scafgrpo	4	84	0.3987	0.4229	0.3962	0
scafgrpo	4	85	0.4026	0.4391	0.3972	0
scafgrpo	4	86	0.4328	0.4096	0.3992	0
scafgrpo	4	87	0.4203	0.3936	0.4	0
scafgrpo	4	88	0.4019	0.4618	0.4008	0
scafgrpo	4	89	0.4172	0.3992	0.4039	0
scafgrpo	4	90	0.4305	0.4069	0.4049	0
scafgrpo	4	91	0.3817	0.4778	0.408	0
scafgrpo	4	92	0.4732	0.4531	0.4098	0
scafgrpo	4	93	0.4216	0.4516	0.409	0
scafgrpo	4	94	0.4108	0.487	0.4067	0
scafgrpo	4	95	0.4001	0.4858	0.4074	0
scafgrpo	4	96	0.4376	0.438	0.4156	0
scafgrpo	4	97	0.3904	0.4412	0.4104	0
scafgrpo	4	98	0.4005	0.4202	0.4113	0
scafgrpo	4	99	0.4146	0.4007	0.4096	0
